Workbook

Sheet No of Courses
A1: AGRI | B1: PROFESSIONAL ELECTIVE I | C1: 22AG040 | D1: TECHNOLOGY OF SEED PROCESSING | E1: 26 | F1: =IFERROR(__xludf.DUMMYFUNCTION("counta(IFNA(FILTER('Consolidated Sheet'!D:D, 'Consolidated Sheet'!A:A=A1, 'Consolidated Sheet'!D:D=C1)))"),1.0) -> 1
A2: AIDS | B2: PROFESSIONAL ELECTIVE I | C2: 22AI043 | D2: PYTHON FOR DATA SCIENCE | E2: 134 | F2: =IFERROR(__xludf.DUMMYFUNCTION("counta(IFNA(FILTER('Consolidated Sheet'!D:D, 'Consolidated Sheet'!A:A=A2, 'Consolidated Sheet'!D:D=C2)))"),2.0) -> 2
A3: AIDS | B3: PROFESSIONAL ELECTIVE I | C3: 22AI002 | D3: UI AND UX DESIGN | E3: 128 | F3: =IFERROR(__xludf.DUMMYFUNCTION("counta(IFNA(FILTER('Consolidated Sheet'!D:D, 'Consolidated Sheet'!A:A=A3, 'Consolidated Sheet'!D:D=C3)))"),2.0) -> 2
A4: AIML | B4: PROFESSIONAL ELECTIVE I | C4: 22AM002 | D4: UI AND UX DESIGN | E4: 54 | F4: =IFERROR(__xludf.DUMMYFUNCTION("counta(IFNA(FILTER('Consolidated Sheet'!D:D, 'Consolidated Sheet'!A:A=A4, 'Consolidated Sheet'!D:D=C4)))"),1.0) -> 1
A5: AIML | B5: PROFESSIONAL ELECTIVE I | C5: 22AM027 | D5: MOBILE AND WEB APPLICATION | E5: 72 | F5: =IFERROR(__xludf.DUMMYFUNCTION("counta(IFNA(FILTER('Consolidated Sheet'!D:D, 'Consolidated Sheet'!A:A=A5, 'Consolidated Sheet'!D:D=C5)))"),2.0) -> 2
A6: BT | B6: PROFESSIONAL ELECTIVE I | C6: 22BT012 | D6: BIODIVERSITY AND AGROFORESTRY | E6: 26 | F6: =IFERROR(__xludf.DUMMYFUNCTION("counta(IFNA(FILTER('Consolidated Sheet'!D:D, 'Consolidated Sheet'!A:A=A6, 'Consolidated Sheet'!D:D=C6)))"),1.0) -> 1
A7: BT | B7: PROFESSIONAL ELECTIVE I | C7: 22BT003 | D7: ENVIRONMENTAL BIOTECHNOLOGY | E7: 97 | F7: =IFERROR(__xludf.DUMMYFUNCTION("counta(IFNA(FILTER('Consolidated Sheet'!D:D, 'Consolidated Sheet'!A:A=A7, 'Consolidated Sheet'!D:D=C7)))"),2.0) -> 2
A8: CSE | B8: PROFESSIONAL ELECTIVE I | C8: 22CS008 | D8: UI AND UX DESIGN | E8: 343 | F8: =IFERROR(__xludf.DUMMYFUNCTION("counta(IFNA(FILTER('Consolidated Sheet'!D:D, 'Consolidated Sheet'!A:A=A8, 'Consolidated Sheet'!D:D=C8)))"),6.0) -> 6
A9: CSE | B9: PROFESSIONAL ELECTIVE I | C9: 22CS007 | D9: AGILE SOFTWARE DEVELOPMENT | E9: 39 | F9: =IFERROR(__xludf.DUMMYFUNCTION("counta(IFNA(FILTER('Consolidated Sheet'!D:D, 'Consolidated Sheet'!A:A=A9, 'Consolidated Sheet'!D:D=C9)))"),1.0) -> 1
A10: CSE | B10: PROFESSIONAL ELECTIVE I | C10: 22CS039 | D10: INTERNET OF THINGS | E10: 29 | F10: =IFERROR(__xludf.DUMMYFUNCTION("counta(IFNA(FILTER('Consolidated Sheet'!D:D, 'Consolidated Sheet'!A:A=A10, 'Consolidated Sheet'!D:D=C10)))"),1.0) -> 1
A11: CSBS | B11: PROFESSIONAL ELECTIVE I | C11: 22CB031 | D11: INTRODUCTION TO INNOVATION IP MANAGEMENT AND ENTREPRENEURSHIP | E11: 62 | F11: =IFERROR(__xludf.DUMMYFUNCTION("counta(IFNA(FILTER('Consolidated Sheet'!D:D, 'Consolidated Sheet'!A:A=A11, 'Consolidated Sheet'!D:D=C11)))"),1.0) -> 1
A12: EEE | B12: PROFESSIONAL ELECTIVE I | C12: 22EE007 | D12: ADVANCED POWER SEMICONDUCTOR DEVICES | E12: 95 | F12: =IFERROR(__xludf.DUMMYFUNCTION("counta(IFNA(FILTER('Consolidated Sheet'!D:D, 'Consolidated Sheet'!A:A=A12, 'Consolidated Sheet'!D:D=C12)))"),2.0) -> 2
A13: EEE | B13: PROFESSIONAL ELECTIVE I | C13: 22EE033 | D13: ILLUMINATION ENGINEERING | E13: 40 | F13: =IFERROR(__xludf.DUMMYFUNCTION("counta(IFNA(FILTER('Consolidated Sheet'!D:D, 'Consolidated Sheet'!A:A=A13, 'Consolidated Sheet'!D:D=C13)))"),1.0) -> 1
A14: ECE | B14: PROFESSIONAL ELECTIVE I | C14: 22EC001 | D14: ADVANCED PROCESSOR ARCHITECTURES | E14: 148 | F14: =IFERROR(__xludf.DUMMYFUNCTION("counta(IFNA(FILTER('Consolidated Sheet'!D:D, 'Consolidated Sheet'!A:A=A14, 'Consolidated Sheet'!D:D=C14)))"),3.0) -> 3
A15: ECE | B15: PROFESSIONAL ELECTIVE I | C15: 22EC040 | D15: PYTHON PROGRAMMING FOR AI AND ML | E15: 124 | F15: =IFERROR(__xludf.DUMMYFUNCTION("counta(IFNA(FILTER('Consolidated Sheet'!D:D, 'Consolidated Sheet'!A:A=A15, 'Consolidated Sheet'!D:D=C15)))"),2.0) -> 2
A16: EIE | B16: PROFESSIONAL ELECTIVE I | C16: 22EI014 | D16: ANALYTICAL INSTRUMENTS | E16: 63 | F16: =IFERROR(__xludf.DUMMYFUNCTION("counta(IFNA(FILTER('Consolidated Sheet'!D:D, 'Consolidated Sheet'!A:A=A16, 'Consolidated Sheet'!D:D=C16)))"),1.0) -> 1
A17: IT | B17: PROFESSIONAL ELECTIVE I | C17: 22IT007 | D17: AGILE SOFTWARE DEVELOPMENT | E17: 45 | F17: =IFERROR(__xludf.DUMMYFUNCTION("counta(IFNA(FILTER('Consolidated Sheet'!D:D, 'Consolidated Sheet'!A:A=A17, 'Consolidated Sheet'!D:D=C17)))"),1.0) -> 1
A18: IT | B18: PROFESSIONAL ELECTIVE I | C18: 22IT008 | D18: UI AND UX DESIGN | E18: 222 | F18: =IFERROR(__xludf.DUMMYFUNCTION("counta(IFNA(FILTER('Consolidated Sheet'!D:D, 'Consolidated Sheet'!A:A=A18, 'Consolidated Sheet'!D:D=C18)))"),4.0) -> 4
A19: MECH | B19: PROFESSIONAL ELECTIVE I | C19: 22ME001 | D19: CONCEPTS OF ENGINEERING DESIGN | E19: 68 | F19: =IFERROR(__xludf.DUMMYFUNCTION("counta(IFNA(FILTER('Consolidated Sheet'!D:D, 'Consolidated Sheet'!A:A=A19, 'Consolidated Sheet'!D:D=C19)))"),1.0) -> 1
A20: MTRS | B20: PROFESSIONAL ELECTIVE I | C20: 22MC015 | D20: AUTOMOTIVE INFOTRONICS | E20: 65 | F20: =IFERROR(__xludf.DUMMYFUNCTION("counta(IFNA(FILTER('Consolidated Sheet'!D:D, 'Consolidated Sheet'!A:A=A20, 'Consolidated Sheet'!D:D=C20)))"),0.0) -> 0
A21: AGRI | B21: ADD ON | C21: 22AG016 | D21: FOOD SAFETY MANAGEMENT SYSTEMS | E21: 22 | F21: =IFERROR(__xludf.DUMMYFUNCTION("counta(IFNA(FILTER('Consolidated Sheet'!D:D, 'Consolidated Sheet'!A:A=A21, 'Consolidated Sheet'!D:D=C21)))"),1.0) -> 1
A22: AGRI | B22: PROFESSIONAL ELECTIVE III | C22: 22AG008 | D22: GROUNDWATER, WELLS AND PUMPS | E22: 55 | F22: =IFERROR(__xludf.DUMMYFUNCTION("counta(IFNA(FILTER('Consolidated Sheet'!D:D, 'Consolidated Sheet'!A:A=A22, 'Consolidated Sheet'!D:D=C22)))"),1.0) -> 1
A23: AGRI | B23: PROFESSIONAL ELECTIVE IV | C23: 22AG001 | D23: HUMAN ENGINEERING AND SAFETY | E23: 55 | F23: =IFERROR(__xludf.DUMMYFUNCTION("counta(IFNA(FILTER('Consolidated Sheet'!D:D, 'Consolidated Sheet'!A:A=A23, 'Consolidated Sheet'!D:D=C23)))"),1.0) -> 1
A24: AGRI | B24: PROFESSIONAL ELECTIVE V | C24: 22AG017 | D24: EMERGING TECHNOLOGIES IN FOOD PROCESS ENGINEERING | E24: 40 | F24: =IFERROR(__xludf.DUMMYFUNCTION("counta(IFNA(FILTER('Consolidated Sheet'!D:D, 'Consolidated Sheet'!A:A=A24, 'Consolidated Sheet'!D:D=C24)))"),1.0) -> 1
A25: AIDS | B25: ADD ON | C25: 22AI029 | D25: QUANTUM COMPUTING | E25: 83 | F25: =IFERROR(__xludf.DUMMYFUNCTION("counta(IFNA(FILTER('Consolidated Sheet'!D:D, 'Consolidated Sheet'!A:A=A25, 'Consolidated Sheet'!D:D=C25)))"),2.0) -> 2
A26: AIDS | B26: PROFESSIONAL ELECTIVE III | C26: 22AI049 | D26: ETHICS IN DATA SCIENCE | E26: 130 | F26: =IFERROR(__xludf.DUMMYFUNCTION("counta(IFNA(FILTER('Consolidated Sheet'!D:D, 'Consolidated Sheet'!A:A=A26, 'Consolidated Sheet'!D:D=C26)))"),2.0) -> 2
A27: AIDS | B27: PROFESSIONAL ELECTIVE III | C27: 22AI020 | D27: REINFORCEMENT LEARNING | E27: 66 | F27: =IFERROR(__xludf.DUMMYFUNCTION("counta(IFNA(FILTER('Consolidated Sheet'!D:D, 'Consolidated Sheet'!A:A=A27, 'Consolidated Sheet'!D:D=C27)))"),1.0) -> 1
A28: AIDS | B28: PROFESSIONAL ELECTIVE IV | C28: 22AI032 | D28: RECOMMENDER SYSTEMS | E28: 86 | F28: =IFERROR(__xludf.DUMMYFUNCTION("counta(IFNA(FILTER('Consolidated Sheet'!D:D, 'Consolidated Sheet'!A:A=A28, 'Consolidated Sheet'!D:D=C28)))"),2.0) -> 2
A29: AIDS | B29: PROFESSIONAL ELECTIVE IV | C29: 22AI025 | D29: KNOWLEDGE ENGINEERING | E29: 110 | F29: =IFERROR(__xludf.DUMMYFUNCTION("counta(IFNA(FILTER('Consolidated Sheet'!D:D, 'Consolidated Sheet'!A:A=A29, 'Consolidated Sheet'!D:D=C29)))"),2.0) -> 2
A30: AIDS | B30: PROFESSIONAL ELECTIVE V | C30: 22AI035 | D30: BUSINESS ANALYTICS | E30: 63 | F30: =IFERROR(__xludf.DUMMYFUNCTION("counta(IFNA(FILTER('Consolidated Sheet'!D:D, 'Consolidated Sheet'!A:A=A30, 'Consolidated Sheet'!D:D=C30)))"),1.0) -> 1
A31: AIDS | B31: PROFESSIONAL ELECTIVE V | C31: 22AI036 | D31: DIGITAL MARKETING AND MANAGEMENT | E31: 42 | F31: =IFERROR(__xludf.DUMMYFUNCTION("counta(IFNA(FILTER('Consolidated Sheet'!D:D, 'Consolidated Sheet'!A:A=A31, 'Consolidated Sheet'!D:D=C31)))"),1.0) -> 1
A32: AIML | B32: ADD ON | C32: 22AM006 | D32: DEVOPS | E32: 64 | F32: =IFERROR(__xludf.DUMMYFUNCTION("counta(IFNA(FILTER('Consolidated Sheet'!D:D, 'Consolidated Sheet'!A:A=A32, 'Consolidated Sheet'!D:D=C32)))"),1.0) -> 1
A33: AIML | B33: PROFESSIONAL ELECTIVE III | C33: 22AM005 | D33: SOFTWARE TESTING AND AUTOMATION | E33: 125 | F33: =IFERROR(__xludf.DUMMYFUNCTION("counta(IFNA(FILTER('Consolidated Sheet'!D:D, 'Consolidated Sheet'!A:A=A33, 'Consolidated Sheet'!D:D=C33)))"),2.0) -> 2
A34: AIML | B34: PROFESSIONAL ELECTIVE IV | C34: 22AM014 | D34: MODERN CRYTOGRAPHY | E34: 125 | F34: =IFERROR(__xludf.DUMMYFUNCTION("counta(IFNA(FILTER('Consolidated Sheet'!D:D, 'Consolidated Sheet'!A:A=A34, 'Consolidated Sheet'!D:D=C34)))"),2.0) -> 2
A35: AIML | B35: PROFESSIONAL ELECTIVE V | C35: 22AM034 | D35: BUSINESS INTELLIGENCE | E35: 80 | F35: =IFERROR(__xludf.DUMMYFUNCTION("counta(IFNA(FILTER('Consolidated Sheet'!D:D, 'Consolidated Sheet'!A:A=A35, 'Consolidated Sheet'!D:D=C35)))"),2.0) -> 2
A36: BME | B36: ADD ON | C36: 22BM022 | D36: PROSTHETIC AND ORTHOTIC DEVICES | E36: 34 | F36: =IFERROR(__xludf.DUMMYFUNCTION("counta(IFNA(FILTER('Consolidated Sheet'!D:D, 'Consolidated Sheet'!A:A=A36, 'Consolidated Sheet'!D:D=C36)))"),1.0) -> 1
A37: BME | B37: OPEN ELECTIVE | C37: 22OBM01 | D37: Occupational Safety And Health In Public Health | E37: 198 | F37: =IFERROR(__xludf.DUMMYFUNCTION("counta(IFNA(FILTER('Consolidated Sheet'!D:D, 'Consolidated Sheet'!A:A=A37, 'Consolidated Sheet'!D:D=C37)))"),3.0) -> 3
A38: BME | B38: PROFESSIONAL ELECTIVE III | C38: 22BM005 | D38: ADVANCED MEDICAL IMAGE ANALYSIS | E38: 51 | F38: =IFERROR(__xludf.DUMMYFUNCTION("counta(IFNA(FILTER('Consolidated Sheet'!D:D, 'Consolidated Sheet'!A:A=A38, 'Consolidated Sheet'!D:D=C38)))"),1.0) -> 1
A39: BME | B39: PROFESSIONAL ELECTIVE IV | C39: 22BM031 | D39: MEDICAL OPTICS | E39: 51 | F39: =IFERROR(__xludf.DUMMYFUNCTION("counta(IFNA(FILTER('Consolidated Sheet'!D:D, 'Consolidated Sheet'!A:A=A39, 'Consolidated Sheet'!D:D=C39)))"),1.0) -> 1
A40: BME | B40: PROFESSIONAL ELECTIVE V | C40: 22BM011 | D40: REHABILITATION AND ROBOTICS ENGINEERING | E40: 36 | F40: =IFERROR(__xludf.DUMMYFUNCTION("counta(IFNA(FILTER('Consolidated Sheet'!D:D, 'Consolidated Sheet'!A:A=A40, 'Consolidated Sheet'!D:D=C40)))"),1.0) -> 1
A41: BT | B41: ADD ON | C41: 22BT013 | D41: BIOSENSORS | E41: 76 | F41: =IFERROR(__xludf.DUMMYFUNCTION("counta(IFNA(FILTER('Consolidated Sheet'!D:D, 'Consolidated Sheet'!A:A=A41, 'Consolidated Sheet'!D:D=C41)))"),2.0) -> 2
A42: BT | B42: OPEN ELECTIVE | C42: 22OBT01 | D42: BIOFUELS | E42: 76 | F42: =IFERROR(__xludf.DUMMYFUNCTION("counta(IFNA(FILTER('Consolidated Sheet'!D:D, 'Consolidated Sheet'!A:A=A42, 'Consolidated Sheet'!D:D=C42)))"),2.0) -> 2
A43: BT | B43: PROFESSIONAL ELECTIVE III | C43: 22BT036 | D43: BASIC PRODUCTION ON MEDICAL BIOTECHNOLOGY | E43: 35 | F43: =IFERROR(__xludf.DUMMYFUNCTION("counta(IFNA(FILTER('Consolidated Sheet'!D:D, 'Consolidated Sheet'!A:A=A43, 'Consolidated Sheet'!D:D=C43)))"),1.0) -> 1
A44: BT | B44: PROFESSIONAL ELECTIVE III | C44: 22BT042 | D44: CLINICAL TRIALS AND HEALTHCARE POLICIES IN BIOTECHNOLOGY | E44: 77 | F44: =IFERROR(__xludf.DUMMYFUNCTION("counta(IFNA(FILTER('Consolidated Sheet'!D:D, 'Consolidated Sheet'!A:A=A44, 'Consolidated Sheet'!D:D=C44)))"),2.0) -> 2
A45: BT | B45: PROFESSIONAL ELECTIVE IV | C45: 22BT046 | D45: BIOSAFETY AND HAZARD MANAGEMENT | E45: 88 | F45: =IFERROR(__xludf.DUMMYFUNCTION("counta(IFNA(FILTER('Consolidated Sheet'!D:D, 'Consolidated Sheet'!A:A=A45, 'Consolidated Sheet'!D:D=C45)))"),2.0) -> 2
A46: BT | B46: PROFESSIONAL ELECTIVE IV | C46: 22BT004 | D46: BIOENERGY AND BIOFUELS | E46: 24 | F46: =IFERROR(__xludf.DUMMYFUNCTION("counta(IFNA(FILTER('Consolidated Sheet'!D:D, 'Consolidated Sheet'!A:A=A46, 'Consolidated Sheet'!D:D=C46)))"),1.0) -> 1
A47: BT | B47: PROFESSIONAL ELECTIVE V | C47: 22BT040 | D47: VACCINE TECHNOLOGY | E47: 13 | F47: =IFERROR(__xludf.DUMMYFUNCTION("counta(IFNA(FILTER('Consolidated Sheet'!D:D, 'Consolidated Sheet'!A:A=A47, 'Consolidated Sheet'!D:D=C47)))"),1.0) -> 1
A48: BT | B48: PROFESSIONAL ELECTIVE V | C48: 22BT010 | D48: FOOD PROCESS & TECHNOLOGY | E48: 88 | F48: =IFERROR(__xludf.DUMMYFUNCTION("counta(IFNA(FILTER('Consolidated Sheet'!D:D, 'Consolidated Sheet'!A:A=A48, 'Consolidated Sheet'!D:D=C48)))"),2.0) -> 2
A49: CIVIL | B49: ADD ON | C49: 22CE015 | D49: COST EFFECTIVE CONSTRUCTION AND GREEN BUILDING | E49: 27 | F49: =IFERROR(__xludf.DUMMYFUNCTION("counta(IFNA(FILTER('Consolidated Sheet'!D:D, 'Consolidated Sheet'!A:A=A49, 'Consolidated Sheet'!D:D=C49)))"),1.0) -> 1
A50: CIVIL | B50: OPEN ELECTIVE | C50: 22OCE02 | D50: COST MANAGEMENT OF ENGINEERING PROJECTS | E50: 104 | F50: =IFERROR(__xludf.DUMMYFUNCTION("counta(IFNA(FILTER('Consolidated Sheet'!D:D, 'Consolidated Sheet'!A:A=A50, 'Consolidated Sheet'!D:D=C50)))"),2.0) -> 2
A51: CIVIL | B51: PROFESSIONAL ELECTIVE III | C51: 22CE016 | D51: PREFABRICATED STRUCTURES AND PRE-ENGINEERED BUILDING | E51: 32 | F51: =IFERROR(__xludf.DUMMYFUNCTION("counta(IFNA(FILTER('Consolidated Sheet'!D:D, 'Consolidated Sheet'!A:A=A51, 'Consolidated Sheet'!D:D=C51)))"),1.0) -> 1
A52: CIVIL | B52: PROFESSIONAL ELECTIVE IV | C52: 22CE020 | D52: GEOENVIRONMENTAL ENGINEERING | E52: 32 | F52: =IFERROR(__xludf.DUMMYFUNCTION("counta(IFNA(FILTER('Consolidated Sheet'!D:D, 'Consolidated Sheet'!A:A=A52, 'Consolidated Sheet'!D:D=C52)))"),1.0) -> 1
A53: CIVIL | B53: PROFESSIONAL ELECTIVE V | C53: 22CE026 | D53: MASS TRANSPORTATION SYSTEMS | E53: 29 | F53: =IFERROR(__xludf.DUMMYFUNCTION("counta(IFNA(FILTER('Consolidated Sheet'!D:D, 'Consolidated Sheet'!A:A=A53, 'Consolidated Sheet'!D:D=C53)))"),1.0) -> 1
A54: CSE | B54: ADD ON | C54: 22CS034 | D54: ETHICS AND AI | E54: 177 | F54: =IFERROR(__xludf.DUMMYFUNCTION("counta(IFNA(FILTER('Consolidated Sheet'!D:D, 'Consolidated Sheet'!A:A=A54, 'Consolidated Sheet'!D:D=C54)))"),3.0) -> 3
A55: CSE | B55: OPEN ELECTIVE | C55: 22OCS01 | D55: OBJECT ORIENTED PROGRAMMING | E55: 130 | F55: =IFERROR(__xludf.DUMMYFUNCTION("counta(IFNA(FILTER('Consolidated Sheet'!D:D, 'Consolidated Sheet'!A:A=A55, 'Consolidated Sheet'!D:D=C55)))"),2.0) -> 2
A56: CSE | B56: PROFESSIONAL ELECTIVE III | C56: 22CS011 | D56: SOFTWARE TESTING AND AUTOMATION | E56: 148 | F56: =IFERROR(__xludf.DUMMYFUNCTION("counta(IFNA(FILTER('Consolidated Sheet'!D:D, 'Consolidated Sheet'!A:A=A56, 'Consolidated Sheet'!D:D=C56)))"),2.0) -> 2
A57: CSE | B57: PROFESSIONAL ELECTIVE III | C57: 22CS035 | D57: SOFTWARE QUALITY ASSURANCE | E57: 116 | F57: =IFERROR(__xludf.DUMMYFUNCTION("counta(IFNA(FILTER('Consolidated Sheet'!D:D, 'Consolidated Sheet'!A:A=A57, 'Consolidated Sheet'!D:D=C57)))"),2.0) -> 2
A58: CSE | B58: PROFESSIONAL ELECTIVE IV | C58: 22CS031 | D58: SOFT COMPUTING | E58: 134 | F58: =IFERROR(__xludf.DUMMYFUNCTION("counta(IFNA(FILTER('Consolidated Sheet'!D:D, 'Consolidated Sheet'!A:A=A58, 'Consolidated Sheet'!D:D=C58)))"),2.0) -> 2
A59: CSE | B59: PROFESSIONAL ELECTIVE IV | C59: 22CS002 | D59: RECOMMENDER SYSTEMS | E59: 130 | F59: =IFERROR(__xludf.DUMMYFUNCTION("counta(IFNA(FILTER('Consolidated Sheet'!D:D, 'Consolidated Sheet'!A:A=A59, 'Consolidated Sheet'!D:D=C59)))"),2.0) -> 2
A60: CSE | B60: PROFESSIONAL ELECTIVE V | C60: 22CS029 | D60: DIGITAL MARKETING | E60: 171 | F60: =IFERROR(__xludf.DUMMYFUNCTION("counta(IFNA(FILTER('Consolidated Sheet'!D:D, 'Consolidated Sheet'!A:A=A60, 'Consolidated Sheet'!D:D=C60)))"),3.0) -> 3
A61: CSE | B61: PROFESSIONAL ELECTIVE V | C61: 22CS040 | D61: BUSINESS ANALYTICS | E61: 36 | F61: =IFERROR(__xludf.DUMMYFUNCTION("counta(IFNA(FILTER('Consolidated Sheet'!D:D, 'Consolidated Sheet'!A:A=A61, 'Consolidated Sheet'!D:D=C61)))"),1.0) -> 1
A62: CSBS | B62: ADD ON | C62: 22CB030 | D62: IT PROJECT MANAGEMENT | E62: 32 | F62: =IFERROR(__xludf.DUMMYFUNCTION("counta(IFNA(FILTER('Consolidated Sheet'!D:D, 'Consolidated Sheet'!A:A=A62, 'Consolidated Sheet'!D:D=C62)))"),1.0) -> 1
A63: CSBS | B63: PROFESSIONAL ELECTIVE III | C63: 22CB008 | D63: MODERN WEB APPLICATIONS | E63: 62 | F63: =IFERROR(__xludf.DUMMYFUNCTION("counta(IFNA(FILTER('Consolidated Sheet'!D:D, 'Consolidated Sheet'!A:A=A63, 'Consolidated Sheet'!D:D=C63)))"),1.0) -> 1
A64: CSBS | B64: PROFESSIONAL ELECTIVE IV | C64: 22CB021 | D64: MACHINE LEARNING | E64: 62 | F64: =IFERROR(__xludf.DUMMYFUNCTION("counta(IFNA(FILTER('Consolidated Sheet'!D:D, 'Consolidated Sheet'!A:A=A64, 'Consolidated Sheet'!D:D=C64)))"),1.0) -> 1
A65: CSBS | B65: PROFESSIONAL ELECTIVE V | C65: 22CB028 | D65: FINANCIAL MANAGEMENT | E65: 34 | F65: =IFERROR(__xludf.DUMMYFUNCTION("counta(IFNA(FILTER('Consolidated Sheet'!D:D, 'Consolidated Sheet'!A:A=A65, 'Consolidated Sheet'!D:D=C65)))"),1.0) -> 1
A66: CSD | B66: ADD ON | C66: 22CD022 | D66: VIDEO CREATION AND EDITING | E66: 31 | F66: =IFERROR(__xludf.DUMMYFUNCTION("counta(IFNA(FILTER('Consolidated Sheet'!D:D, 'Consolidated Sheet'!A:A=A66, 'Consolidated Sheet'!D:D=C66)))"),1.0) -> 1
A67: CSD | B67: PROFESSIONAL ELECTIVE III | C67: 22CD023 | D67: DIGITAL MARKETING | E67: 63 | F67: =IFERROR(__xludf.DUMMYFUNCTION("counta(IFNA(FILTER('Consolidated Sheet'!D:D, 'Consolidated Sheet'!A:A=A67, 'Consolidated Sheet'!D:D=C67)))"),1.0) -> 1
A68: CSD | B68: PROFESSIONAL ELECTIVE IV | C68: 22CD019 | D68: MULTIMEDIA AND ANIMATION | E68: 63 | F68: =IFERROR(__xludf.DUMMYFUNCTION("counta(IFNA(FILTER('Consolidated Sheet'!D:D, 'Consolidated Sheet'!A:A=A68, 'Consolidated Sheet'!D:D=C68)))"),1.0) -> 1
A69: CSD | B69: PROFESSIONAL ELECTIVE V | C69: 22CD014 | D69: CLOUD SERVICES AND DATA MANAGEMENT | E69: 31 | F69: =IFERROR(__xludf.DUMMYFUNCTION("counta(IFNA(FILTER('Consolidated Sheet'!D:D, 'Consolidated Sheet'!A:A=A69, 'Consolidated Sheet'!D:D=C69)))"),1.0) -> 1
A70: CT | B70: ADD ON | C70: 22CT038 | D70: HUMAN COMPUTER INTERACTION | E70: 47 | F70: =IFERROR(__xludf.DUMMYFUNCTION("counta(IFNA(FILTER('Consolidated Sheet'!D:D, 'Consolidated Sheet'!A:A=A70, 'Consolidated Sheet'!D:D=C70)))"),1.0) -> 1
A71: CT | B71: PROFESSIONAL ELECTIVE III | C71: 22CT019 | D71: CYBER SECURITY | E71: 65 | F71: =IFERROR(__xludf.DUMMYFUNCTION("counta(IFNA(FILTER('Consolidated Sheet'!D:D, 'Consolidated Sheet'!A:A=A71, 'Consolidated Sheet'!D:D=C71)))"),1.0) -> 1
A72: CT | B72: PROFESSIONAL ELECTIVE IV | C72: 22CT025 | D72: MULTIMEDIA AND ANIMATION | E72: 65 | F72: =IFERROR(__xludf.DUMMYFUNCTION("counta(IFNA(FILTER('Consolidated Sheet'!D:D, 'Consolidated Sheet'!A:A=A72, 'Consolidated Sheet'!D:D=C72)))"),1.0) -> 1
A73: CT | B73: PROFESSIONAL ELECTIVE V | C73: 22CT040 | D73: BUSINESS ANALYTICS | E73: 29 | F73: =IFERROR(__xludf.DUMMYFUNCTION("counta(IFNA(FILTER('Consolidated Sheet'!D:D, 'Consolidated Sheet'!A:A=A73, 'Consolidated Sheet'!D:D=C73)))"),1.0) -> 1
A74: EEE | B74: ADD ON | C74: 22EE011 | D74: ELECTRIC DRIVES AND CONTROL | E74: 26 | F74: =IFERROR(__xludf.DUMMYFUNCTION("counta(IFNA(FILTER('Consolidated Sheet'!D:D, 'Consolidated Sheet'!A:A=A74, 'Consolidated Sheet'!D:D=C74)))"),1.0) -> 1
A75: EEE | B75: OPEN ELECTIVE | C75: 22OEE01 | D75: VALUE ENGINEERING | E75: 26 | F75: =IFERROR(__xludf.DUMMYFUNCTION("counta(IFNA(FILTER('Consolidated Sheet'!D:D, 'Consolidated Sheet'!A:A=A75, 'Consolidated Sheet'!D:D=C75)))"),1.0) -> 1
A76: EEE | B76: PROFESSIONAL ELECTIVE III | C76: 22EE020 | D76: WIND POWER TECHNOLOGY | E76: 64 | F76: =IFERROR(__xludf.DUMMYFUNCTION("counta(IFNA(FILTER('Consolidated Sheet'!D:D, 'Consolidated Sheet'!A:A=A76, 'Consolidated Sheet'!D:D=C76)))"),1.0) -> 1
A77: EEE | B77: PROFESSIONAL ELECTIVE IV | C77: 22EE035 | D77: ENERGY AUDITING AND MANAGEMENT | E77: 64 | F77: =IFERROR(__xludf.DUMMYFUNCTION("counta(IFNA(FILTER('Consolidated Sheet'!D:D, 'Consolidated Sheet'!A:A=A77, 'Consolidated Sheet'!D:D=C77)))"),1.0) -> 1
A78: EEE | B78: PROFESSIONAL ELECTIVE V | C78: 22EE037 | D78: ARTIFICIAL INTELLIGENCE IN ELECTRICAL ENGINEERING | E78: 5 | F78: =IFERROR(__xludf.DUMMYFUNCTION("counta(IFNA(FILTER('Consolidated Sheet'!D:D, 'Consolidated Sheet'!A:A=A78, 'Consolidated Sheet'!D:D=C78)))"),0.0) -> 0
A79: ECE | B79: ADD ON | C79: 22EC003 | D79: EMBEDDED C PROGRAMMING | E79: 183 | F79: =IFERROR(__xludf.DUMMYFUNCTION("counta(IFNA(FILTER('Consolidated Sheet'!D:D, 'Consolidated Sheet'!A:A=A79, 'Consolidated Sheet'!D:D=C79)))"),3.0) -> 3
A80: ECE | B80: OPEN ELECTIVE | C80: 22OEC03 | D80: PRINCIPLES OF COMMUNICATION SYSTEMS | E80: 22 | F80: =IFERROR(__xludf.DUMMYFUNCTION("counta(IFNA(FILTER('Consolidated Sheet'!D:D, 'Consolidated Sheet'!A:A=A80, 'Consolidated Sheet'!D:D=C80)))"),1.0) -> 1
A81: ECE | B81: PROFESSIONAL ELECTIVE III | C81: 22EC046 | D81: AUTOMOTIVE ELECTRONICS AND NETWORKING | E81: 161 | F81: =IFERROR(__xludf.DUMMYFUNCTION("counta(IFNA(FILTER('Consolidated Sheet'!D:D, 'Consolidated Sheet'!A:A=A81, 'Consolidated Sheet'!D:D=C81)))"),3.0) -> 3
A82: ECE | B82: PROFESSIONAL ELECTIVE III | C82: 22EC015 | D82: ASIC DESIGN | E82: 95 | F82: =IFERROR(__xludf.DUMMYFUNCTION("counta(IFNA(FILTER('Consolidated Sheet'!D:D, 'Consolidated Sheet'!A:A=A82, 'Consolidated Sheet'!D:D=C82)))"),2.0) -> 2
A83: ECE | B83: PROFESSIONAL ELECTIVE IV | C83: 22EC006 | D83: VIRTUAL INSTRUMENTATION IN EMBEDDED SYSTEMS | E83: 40 | F83: =IFERROR(__xludf.DUMMYFUNCTION("counta(IFNA(FILTER('Consolidated Sheet'!D:D, 'Consolidated Sheet'!A:A=A83, 'Consolidated Sheet'!D:D=C83)))"),1.0) -> 1
A84: ECE | B84: PROFESSIONAL ELECTIVE IV | C84: 22EC004 | D84: REAL-TIME OPERATING SYSTEMS | E84: 216 | F84: =IFERROR(__xludf.DUMMYFUNCTION("counta(IFNA(FILTER('Consolidated Sheet'!D:D, 'Consolidated Sheet'!A:A=A84, 'Consolidated Sheet'!D:D=C84)))"),4.0) -> 4
A85: ECE | B85: PROFESSIONAL ELECTIVE V | C85: 22EC021 | D85: DIGITAL IMAGE PROCESSING | E85: 4 | F85: =IFERROR(__xludf.DUMMYFUNCTION("counta(IFNA(FILTER('Consolidated Sheet'!D:D, 'Consolidated Sheet'!A:A=A85, 'Consolidated Sheet'!D:D=C85)))"),0.0) -> 0
A86: ECE | B86: PROFESSIONAL ELECTIVE V | C86: 22EC043 | D86: #N/A | E86: 0 | F86: =IFERROR(__xludf.DUMMYFUNCTION("counta(IFNA(FILTER('Consolidated Sheet'!D:D, 'Consolidated Sheet'!A:A=A86, 'Consolidated Sheet'!D:D=C86)))"),0.0) -> 0
A87: EIE | B87: ADD ON | C87: 22EI009 | D87: BUILDING AUTOMATION | E87: 31 | F87: =IFERROR(__xludf.DUMMYFUNCTION("counta(IFNA(FILTER('Consolidated Sheet'!D:D, 'Consolidated Sheet'!A:A=A87, 'Consolidated Sheet'!D:D=C87)))"),1.0) -> 1
A88: EIE | B88: OPEN ELECTIVE | C88: 22OEI01 | D88: PROGRAMMABLE LOGIC CONTROLLER | E88: 18 | F88: =IFERROR(__xludf.DUMMYFUNCTION("counta(IFNA(FILTER('Consolidated Sheet'!D:D, 'Consolidated Sheet'!A:A=A88, 'Consolidated Sheet'!D:D=C88)))"),1.0) -> 1
A89: EIE | B89: PROFESSIONAL ELECTIVE III | C89: 22EI016 | D89: INSTRUMENTATION IN PETROCHEMICAL INDUSTRIES | E89: 64 | F89: =IFERROR(__xludf.DUMMYFUNCTION("counta(IFNA(FILTER('Consolidated Sheet'!D:D, 'Consolidated Sheet'!A:A=A89, 'Consolidated Sheet'!D:D=C89)))"),1.0) -> 1
A90: EIE | B90: PROFESSIONAL ELECTIVE IV | C90: 22EI017 | D90: FIBER OPTICS AND LASER INSTRUMENTATION | E90: 64 | F90: =IFERROR(__xludf.DUMMYFUNCTION("counta(IFNA(FILTER('Consolidated Sheet'!D:D, 'Consolidated Sheet'!A:A=A90, 'Consolidated Sheet'!D:D=C90)))"),1.0) -> 1
A91: EIE | B91: PROFESSIONAL ELECTIVE V | C91: 22EI018 | D91: POWER PLANT INSTRUMENTATION AND CONTROL | E91: 43 | F91: =IFERROR(__xludf.DUMMYFUNCTION("counta(IFNA(FILTER('Consolidated Sheet'!D:D, 'Consolidated Sheet'!A:A=A91, 'Consolidated Sheet'!D:D=C91)))"),1.0) -> 1
A92: FT | B92: PROFESSIONAL ELECTIVE III | C92: 22FT007 | D92: KNIT WEAR DEVELOPMENT | E92: 20 | F92: =IFERROR(__xludf.DUMMYFUNCTION("counta(IFNA(FILTER('Consolidated Sheet'!D:D, 'Consolidated Sheet'!A:A=A92, 'Consolidated Sheet'!D:D=C92)))"),1.0) -> 1
A93: FT | B93: PROFESSIONAL ELECTIVE IV | C93: 22FT022 | D93: INTERNATIONAL BUSINESS IN APPAREL INDUSTRY | E93: 20 | F93: =IFERROR(__xludf.DUMMYFUNCTION("counta(IFNA(FILTER('Consolidated Sheet'!D:D, 'Consolidated Sheet'!A:A=A93, 'Consolidated Sheet'!D:D=C93)))"),1.0) -> 1
A94: FT | B94: PROFESSIONAL ELECTIVE V | C94: 22FT028 | D94: INTIMATE APPARELS | E94: 20 | F94: =IFERROR(__xludf.DUMMYFUNCTION("counta(IFNA(FILTER('Consolidated Sheet'!D:D, 'Consolidated Sheet'!A:A=A94, 'Consolidated Sheet'!D:D=C94)))"),1.0) -> 1
A95: FD | B95: ADD ON | C95: 22FD035 | D95: FOOD FERMENTATION TECHNOLOGY | E95: 42 | F95: =IFERROR(__xludf.DUMMYFUNCTION("counta(IFNA(FILTER('Consolidated Sheet'!D:D, 'Consolidated Sheet'!A:A=A95, 'Consolidated Sheet'!D:D=C95)))"),1.0) -> 1
A96: FD | B96: PROFESSIONAL ELECTIVE III | C96: 22FD040 | D96: BEVERAGE TECHNOLOGY | E96: 50 | F96: =IFERROR(__xludf.DUMMYFUNCTION("counta(IFNA(FILTER('Consolidated Sheet'!D:D, 'Consolidated Sheet'!A:A=A96, 'Consolidated Sheet'!D:D=C96)))"),1.0) -> 1
A97: FD | B97: PROFESSIONAL ELECTIVE IV | C97: 22FD008 | D97: NON- THERMAL PROCESSING TECHNIQUES | E97: 50 | F97: =IFERROR(__xludf.DUMMYFUNCTION("counta(IFNA(FILTER('Consolidated Sheet'!D:D, 'Consolidated Sheet'!A:A=A97, 'Consolidated Sheet'!D:D=C97)))"),1.0) -> 1
A98: FD | B98: PROFESSIONAL ELECTIVE V | C98: 22FD009 | D98: THERMAL PROCESSING TECHNIQUES | E98: 50 | F98: =IFERROR(__xludf.DUMMYFUNCTION("counta(IFNA(FILTER('Consolidated Sheet'!D:D, 'Consolidated Sheet'!A:A=A98, 'Consolidated Sheet'!D:D=C98)))"),1.0) -> 1
A99: ISE | B99: ADD ON | C99: 22IS041 | D99: INTERNET MARKETING | E99: 29 | F99: =IFERROR(__xludf.DUMMYFUNCTION("counta(IFNA(FILTER('Consolidated Sheet'!D:D, 'Consolidated Sheet'!A:A=A99, 'Consolidated Sheet'!D:D=C99)))"),1.0) -> 1
A100: ISE | B100: PROFESSIONAL ELECTIVE III | C100: 22IS013 | D100: CYBER SECURITY | E100: 55 | F100: =IFERROR(__xludf.DUMMYFUNCTION("counta(IFNA(FILTER('Consolidated Sheet'!D:D, 'Consolidated Sheet'!A:A=A100, 'Consolidated Sheet'!D:D=C100)))"),1.0) -> 1
...

Sheet Faculty Details
A1: S.No. | B1: Faculty ID | C1: Salutation | D1: Faculty Name | E1: Faculty Name | F1: Department Name | G1: Designation | H1: Email | I1: Theory Load | J1: Lab Load | K1: Theory Alloted | L1: Lab Alloted | M1: Working Status | N1: Theory load Status | O1: Lab Load Status | P1: Extra Theory Alloted | Q1: Extra Lab Alloted
A2: 1 | B2: AD10543 | C2: Mr | D2: RANJITH G | E2: =CONCATENATE(C2,".",D2) -> Mr.RANJITH G | F2: Artificial Intelligence and Data Science | G2: Assistant Professor Level III | H2: ranjith@bitsathy.ac.in | I2: =IFERROR(__xludf.DUMMYFUNCTION("QUERY(IMPORTRANGE(""https://docs.google.com/spreadsheets/d/1WWWnL0uEco2fCr2WvkXmt_9_Ox7wL_0CmzT8iuRp0aQ/edit?gid=1871111119#gid=1871111119"",""Details!A:X""),""SELECT Col8, Col9, Col10, Col11, Col12, Col13, Col14 WHERE Col2='""&B2&""'"",0)"),2.0) -> 2 | J2: =IFERROR(__xludf.DUMMYFUNCTION("""COMPUTED_VALUE"""),2.0) -> 2 | K2: =IFERROR(__xludf.DUMMYFUNCTION("""COMPUTED_VALUE"""),0.0) -> 0 | L2: =IFERROR(__xludf.DUMMYFUNCTION("""COMPUTED_VALUE"""),0.0) -> 0 | M2: =IFERROR(__xludf.DUMMYFUNCTION("""COMPUTED_VALUE"""),"Working") -> Working | N2: =IFERROR(__xludf.DUMMYFUNCTION("""COMPUTED_VALUE"""),"LOAD PENDING") -> LOAD PENDING | O2: =IFERROR(__xludf.DUMMYFUNCTION("""COMPUTED_VALUE"""),"LOAD PENDING") -> LOAD PENDING | P2: =IF(K2>I2,"Extra Theory Load Alloted","") | Q2: =IF(L2>J2,"Extra Lab Load Alloted","")
A3: 2 | B3: AD10628 | C3: Dr | D3: ARUN KUMAR R | E3: =CONCATENATE(C3,".",D3) -> Dr.ARUN KUMAR R | F3: Artificial Intelligence and Data Science | G3: Associate Professor | H3: arunkumarr@bitsathy.ac.in | I3: =IFERROR(__xludf.DUMMYFUNCTION("QUERY(IMPORTRANGE(""https://docs.google.com/spreadsheets/d/1WWWnL0uEco2fCr2WvkXmt_9_Ox7wL_0CmzT8iuRp0aQ/edit?gid=1871111119#gid=1871111119"",""Details!A:X""),""SELECT Col8, Col9, Col10, Col11, Col12, Col13, Col14 WHERE Col2='""&B3&""'"",0)"),2.0) -> 2 | J3: =IFERROR(__xludf.DUMMYFUNCTION("""COMPUTED_VALUE"""),2.0) -> 2 | K3: =IFERROR(__xludf.DUMMYFUNCTION("""COMPUTED_VALUE"""),1.0) -> 1 | L3: =IFERROR(__xludf.DUMMYFUNCTION("""COMPUTED_VALUE"""),0.0) -> 0 | M3: =IFERROR(__xludf.DUMMYFUNCTION("""COMPUTED_VALUE"""),"Working") -> Working | N3: =IFERROR(__xludf.DUMMYFUNCTION("""COMPUTED_VALUE"""),"LOAD PENDING") -> LOAD PENDING | O3: =IFERROR(__xludf.DUMMYFUNCTION("""COMPUTED_VALUE"""),"LOAD PENDING") -> LOAD PENDING | P3: =IF(K3>I3,"Extra Theory Load Alloted","") | Q3: =IF(L3>J3,"Extra Lab Load Alloted","")
A4: 3 | B4: AD10818 | C4: Dr | D4: ESWARAMOORTHY V | E4: =CONCATENATE(C4,".",D4) -> Dr.ESWARAMOORTHY V | F4: Artificial Intelligence and Data Science | G4: Professor | H4: eswaramoorthyv@bitsathy.ac.in | I4: =IFERROR(__xludf.DUMMYFUNCTION("QUERY(IMPORTRANGE(""https://docs.google.com/spreadsheets/d/1WWWnL0uEco2fCr2WvkXmt_9_Ox7wL_0CmzT8iuRp0aQ/edit?gid=1871111119#gid=1871111119"",""Details!A:X""),""SELECT Col8, Col9, Col10, Col11, Col12, Col13, Col14 WHERE Col2='""&B4&""'"",0)"),2.0) -> 2 | J4: =IFERROR(__xludf.DUMMYFUNCTION("""COMPUTED_VALUE"""),2.0) -> 2 | K4: =IFERROR(__xludf.DUMMYFUNCTION("""COMPUTED_VALUE"""),1.0) -> 1 | L4: =IFERROR(__xludf.DUMMYFUNCTION("""COMPUTED_VALUE"""),0.0) -> 0 | M4: =IFERROR(__xludf.DUMMYFUNCTION("""COMPUTED_VALUE"""),"Working") -> Working | N4: =IFERROR(__xludf.DUMMYFUNCTION("""COMPUTED_VALUE"""),"LOAD PENDING") -> LOAD PENDING | O4: =IFERROR(__xludf.DUMMYFUNCTION("""COMPUTED_VALUE"""),"LOAD PENDING") -> LOAD PENDING | P4: =IF(K4>I4,"Extra Theory Load Alloted","") | Q4: =IF(L4>J4,"Extra Lab Load Alloted","")
A5: 4 | B5: AD10838 | C5: Mrs | D5: NITHYAPRIYA S | E5: =CONCATENATE(C5,".",D5) -> Mrs.NITHYAPRIYA S | F5: Artificial Intelligence and Data Science | G5: Assistant Professor Level III | H5: nithyapriyas@bitsathy.ac.in | I5: =IFERROR(__xludf.DUMMYFUNCTION("QUERY(IMPORTRANGE(""https://docs.google.com/spreadsheets/d/1WWWnL0uEco2fCr2WvkXmt_9_Ox7wL_0CmzT8iuRp0aQ/edit?gid=1871111119#gid=1871111119"",""Details!A:X""),""SELECT Col8, Col9, Col10, Col11, Col12, Col13, Col14 WHERE Col2='""&B5&""'"",0)"),2.0) -> 2 | J5: =IFERROR(__xludf.DUMMYFUNCTION("""COMPUTED_VALUE"""),2.0) -> 2 | K5: =IFERROR(__xludf.DUMMYFUNCTION("""COMPUTED_VALUE"""),2.0) -> 2 | L5: =IFERROR(__xludf.DUMMYFUNCTION("""COMPUTED_VALUE"""),1.0) -> 1 | M5: =IFERROR(__xludf.DUMMYFUNCTION("""COMPUTED_VALUE"""),"Working") -> Working | N5: =IFERROR(__xludf.DUMMYFUNCTION("""COMPUTED_VALUE"""),"CORRECT") -> CORRECT | O5: =IFERROR(__xludf.DUMMYFUNCTION("""COMPUTED_VALUE"""),"LOAD PENDING") -> LOAD PENDING | P5: =IF(K5>I5,"Extra Theory Load Alloted","") | Q5: =IF(L5>J5,"Extra Lab Load Alloted","")
A6: 5 | B6: AD10928 | C6: Mrs | D6: NISHA DEVI K | E6: =CONCATENATE(C6,".",D6) -> Mrs.NISHA DEVI K | F6: Artificial Intelligence and Data Science | G6: Assistant Professor Level II | H6: nishadevik@bitsathy.ac.in | I6: =IFERROR(__xludf.DUMMYFUNCTION("QUERY(IMPORTRANGE(""https://docs.google.com/spreadsheets/d/1WWWnL0uEco2fCr2WvkXmt_9_Ox7wL_0CmzT8iuRp0aQ/edit?gid=1871111119#gid=1871111119"",""Details!A:X""),""SELECT Col8, Col9, Col10, Col11, Col12, Col13, Col14 WHERE Col2='""&B6&""'"",0)"),2.0) -> 2 | J6: =IFERROR(__xludf.DUMMYFUNCTION("""COMPUTED_VALUE"""),2.0) -> 2 | K6: =IFERROR(__xludf.DUMMYFUNCTION("""COMPUTED_VALUE"""),2.0) -> 2 | L6: =IFERROR(__xludf.DUMMYFUNCTION("""COMPUTED_VALUE"""),1.0) -> 1 | M6: =IFERROR(__xludf.DUMMYFUNCTION("""COMPUTED_VALUE"""),"Working") -> Working | N6: =IFERROR(__xludf.DUMMYFUNCTION("""COMPUTED_VALUE"""),"CORRECT") -> CORRECT | O6: =IFERROR(__xludf.DUMMYFUNCTION("""COMPUTED_VALUE"""),"LOAD PENDING") -> LOAD PENDING | P6: =IF(K6>I6,"Extra Theory Load Alloted","") | Q6: =IF(L6>J6,"Extra Lab Load Alloted","")
A7: 6 | B7: AD10931 | C7: Mr | D7: BALASAMY K | E7: =CONCATENATE(C7,".",D7) -> Mr.BALASAMY K | F7: Artificial Intelligence and Data Science | G7: Assistant Professor Level III | H7: balasamyk@bitsathy.ac.in | I7: =IFERROR(__xludf.DUMMYFUNCTION("QUERY(IMPORTRANGE(""https://docs.google.com/spreadsheets/d/1WWWnL0uEco2fCr2WvkXmt_9_Ox7wL_0CmzT8iuRp0aQ/edit?gid=1871111119#gid=1871111119"",""Details!A:X""),""SELECT Col8, Col9, Col10, Col11, Col12, Col13, Col14 WHERE Col2='""&B7&""'"",0)"),2.0) -> 2 | J7: =IFERROR(__xludf.DUMMYFUNCTION("""COMPUTED_VALUE"""),2.0) -> 2 | K7: =IFERROR(__xludf.DUMMYFUNCTION("""COMPUTED_VALUE"""),2.0) -> 2 | L7: =IFERROR(__xludf.DUMMYFUNCTION("""COMPUTED_VALUE"""),1.0) -> 1 | M7: =IFERROR(__xludf.DUMMYFUNCTION("""COMPUTED_VALUE"""),"Working") -> Working | N7: =IFERROR(__xludf.DUMMYFUNCTION("""COMPUTED_VALUE"""),"CORRECT") -> CORRECT | O7: =IFERROR(__xludf.DUMMYFUNCTION("""COMPUTED_VALUE"""),"LOAD PENDING") -> LOAD PENDING | P7: =IF(K7>I7,"Extra Theory Load Alloted","") | Q7: =IF(L7>J7,"Extra Lab Load Alloted","")
A8: 7 | B8: AD10936 | C8: Mr | D8: PRABANAND S C | E8: =CONCATENATE(C8,".",D8) -> Mr.PRABANAND S C | F8: Artificial Intelligence and Data Science | G8: Assistant Professor Level III | H8: prabanandsc@bitsathy.ac.in | I8: =IFERROR(__xludf.DUMMYFUNCTION("QUERY(IMPORTRANGE(""https://docs.google.com/spreadsheets/d/1WWWnL0uEco2fCr2WvkXmt_9_Ox7wL_0CmzT8iuRp0aQ/edit?gid=1871111119#gid=1871111119"",""Details!A:X""),""SELECT Col8, Col9, Col10, Col11, Col12, Col13, Col14 WHERE Col2='""&B8&""'"",0)"),2.0) -> 2 | J8: =IFERROR(__xludf.DUMMYFUNCTION("""COMPUTED_VALUE"""),2.0) -> 2 | K8: =IFERROR(__xludf.DUMMYFUNCTION("""COMPUTED_VALUE"""),0.0) -> 0 | L8: =IFERROR(__xludf.DUMMYFUNCTION("""COMPUTED_VALUE"""),0.0) -> 0 | M8: =IFERROR(__xludf.DUMMYFUNCTION("""COMPUTED_VALUE"""),"Working") -> Working | N8: =IFERROR(__xludf.DUMMYFUNCTION("""COMPUTED_VALUE"""),"LOAD PENDING") -> LOAD PENDING | O8: =IFERROR(__xludf.DUMMYFUNCTION("""COMPUTED_VALUE"""),"LOAD PENDING") -> LOAD PENDING | P8: =IF(K8>I8,"Extra Theory Load Alloted","") | Q8: =IF(L8>J8,"Extra Lab Load Alloted","")
A9: 8 | B9: AD10945 | C9: Mr | D9: SATHEESH N P | E9: =CONCATENATE(C9,".",D9) -> Mr.SATHEESH N P | F9: Artificial Intelligence and Data Science | G9: Assistant Professor Level I | H9: satheeshnp@bitsathy.ac.in | I9: =IFERROR(__xludf.DUMMYFUNCTION("QUERY(IMPORTRANGE(""https://docs.google.com/spreadsheets/d/1WWWnL0uEco2fCr2WvkXmt_9_Ox7wL_0CmzT8iuRp0aQ/edit?gid=1871111119#gid=1871111119"",""Details!A:X""),""SELECT Col8, Col9, Col10, Col11, Col12, Col13, Col14 WHERE Col2='""&B9&""'"",0)"),2.0) -> 2 | J9: =IFERROR(__xludf.DUMMYFUNCTION("""COMPUTED_VALUE"""),2.0) -> 2 | K9: =IFERROR(__xludf.DUMMYFUNCTION("""COMPUTED_VALUE"""),2.0) -> 2 | L9: =IFERROR(__xludf.DUMMYFUNCTION("""COMPUTED_VALUE"""),1.0) -> 1 | M9: =IFERROR(__xludf.DUMMYFUNCTION("""COMPUTED_VALUE"""),"Working") -> Working | N9: =IFERROR(__xludf.DUMMYFUNCTION("""COMPUTED_VALUE"""),"CORRECT") -> CORRECT | O9: =IFERROR(__xludf.DUMMYFUNCTION("""COMPUTED_VALUE"""),"LOAD PENDING") -> LOAD PENDING | P9: =IF(K9>I9,"Extra Theory Load Alloted","") | Q9: =IF(L9>J9,"Extra Lab Load Alloted","")
A10: 9 | B10: AD10953 | C10: Mr | D10: RAJ KUMAR V S | E10: =CONCATENATE(C10,".",D10) -> Mr.RAJ KUMAR V S | F10: Artificial Intelligence and Data Science | G10: Assistant Professor Level II | H10: rajkumarvs@bitsathy.ac.in | I10: =IFERROR(__xludf.DUMMYFUNCTION("QUERY(IMPORTRANGE(""https://docs.google.com/spreadsheets/d/1WWWnL0uEco2fCr2WvkXmt_9_Ox7wL_0CmzT8iuRp0aQ/edit?gid=1871111119#gid=1871111119"",""Details!A:X""),""SELECT Col8, Col9, Col10, Col11, Col12, Col13, Col14 WHERE Col2='""&B10&""'"",0)"),2.0) -> 2 | J10: =IFERROR(__xludf.DUMMYFUNCTION("""COMPUTED_VALUE"""),2.0) -> 2 | K10: =IFERROR(__xludf.DUMMYFUNCTION("""COMPUTED_VALUE"""),1.0) -> 1 | L10: =IFERROR(__xludf.DUMMYFUNCTION("""COMPUTED_VALUE"""),0.0) -> 0 | M10: =IFERROR(__xludf.DUMMYFUNCTION("""COMPUTED_VALUE"""),"Working") -> Working | N10: =IFERROR(__xludf.DUMMYFUNCTION("""COMPUTED_VALUE"""),"LOAD PENDING") -> LOAD PENDING | O10: =IFERROR(__xludf.DUMMYFUNCTION("""COMPUTED_VALUE"""),"LOAD PENDING") -> LOAD PENDING | P10: =IF(K10>I10,"Extra Theory Load Alloted","") | Q10: =IF(L10>J10,"Extra Lab Load Alloted","")
A11: 10 | B11: AD10955 | C11: Ms | D11: ESAKKI MADURA E | E11: =CONCATENATE(C11,".",D11) -> Ms.ESAKKI MADURA E | F11: Artificial Intelligence and Data Science | G11: Assistant Professor Level III | H11: esakkimadurae@bitsathy.ac.in | I11: =IFERROR(__xludf.DUMMYFUNCTION("QUERY(IMPORTRANGE(""https://docs.google.com/spreadsheets/d/1WWWnL0uEco2fCr2WvkXmt_9_Ox7wL_0CmzT8iuRp0aQ/edit?gid=1871111119#gid=1871111119"",""Details!A:X""),""SELECT Col8, Col9, Col10, Col11, Col12, Col13, Col14 WHERE Col2='""&B11&""'"",0)"),2.0) -> 2 | J11: =IFERROR(__xludf.DUMMYFUNCTION("""COMPUTED_VALUE"""),2.0) -> 2 | K11: =IFERROR(__xludf.DUMMYFUNCTION("""COMPUTED_VALUE"""),2.0) -> 2 | L11: =IFERROR(__xludf.DUMMYFUNCTION("""COMPUTED_VALUE"""),1.0) -> 1 | M11: =IFERROR(__xludf.DUMMYFUNCTION("""COMPUTED_VALUE"""),"Working") -> Working | N11: =IFERROR(__xludf.DUMMYFUNCTION("""COMPUTED_VALUE"""),"CORRECT") -> CORRECT | O11: =IFERROR(__xludf.DUMMYFUNCTION("""COMPUTED_VALUE"""),"LOAD PENDING") -> LOAD PENDING | P11: =IF(K11>I11,"Extra Theory Load Alloted","") | Q11: =IF(L11>J11,"Extra Lab Load Alloted","")
A12: 11 | B12: AD11009 | C12: Mrs | D12: DIVYABARATHI P | E12: =CONCATENATE(C12,".",D12) -> Mrs.DIVYABARATHI P | F12: Artificial Intelligence and Data Science | G12: Assistant Professor Level II | H12: divyabarathip@bitsathy.ac.in | I12: =IFERROR(__xludf.DUMMYFUNCTION("QUERY(IMPORTRANGE(""https://docs.google.com/spreadsheets/d/1WWWnL0uEco2fCr2WvkXmt_9_Ox7wL_0CmzT8iuRp0aQ/edit?gid=1871111119#gid=1871111119"",""Details!A:X""),""SELECT Col8, Col9, Col10, Col11, Col12, Col13, Col14 WHERE Col2='""&B12&""'"",0)"),2.0) -> 2 | J12: =IFERROR(__xludf.DUMMYFUNCTION("""COMPUTED_VALUE"""),2.0) -> 2 | K12: =IFERROR(__xludf.DUMMYFUNCTION("""COMPUTED_VALUE"""),2.0) -> 2 | L12: =IFERROR(__xludf.DUMMYFUNCTION("""COMPUTED_VALUE"""),1.0) -> 1 | M12: =IFERROR(__xludf.DUMMYFUNCTION("""COMPUTED_VALUE"""),"Working") -> Working | N12: =IFERROR(__xludf.DUMMYFUNCTION("""COMPUTED_VALUE"""),"CORRECT") -> CORRECT | O12: =IFERROR(__xludf.DUMMYFUNCTION("""COMPUTED_VALUE"""),"LOAD PENDING") -> LOAD PENDING | P12: =IF(K12>I12,"Extra Theory Load Alloted","") | Q12: =IF(L12>J12,"Extra Lab Load Alloted","")
A13: 12 | B13: AD11016 | C13: Mr | D13: SATHEESHKUMAR S | E13: =CONCATENATE(C13,".",D13) -> Mr.SATHEESHKUMAR S | F13: Artificial Intelligence and Data Science | G13: Assistant Professor Level II | H13: satheeshkumars@bitsathy.ac.in | I13: =IFERROR(__xludf.DUMMYFUNCTION("QUERY(IMPORTRANGE(""https://docs.google.com/spreadsheets/d/1WWWnL0uEco2fCr2WvkXmt_9_Ox7wL_0CmzT8iuRp0aQ/edit?gid=1871111119#gid=1871111119"",""Details!A:X""),""SELECT Col8, Col9, Col10, Col11, Col12, Col13, Col14 WHERE Col2='""&B13&""'"",0)"),2.0) -> 2 | J13: =IFERROR(__xludf.DUMMYFUNCTION("""COMPUTED_VALUE"""),2.0) -> 2 | K13: =IFERROR(__xludf.DUMMYFUNCTION("""COMPUTED_VALUE"""),2.0) -> 2 | L13: =IFERROR(__xludf.DUMMYFUNCTION("""COMPUTED_VALUE"""),1.0) -> 1 | M13: =IFERROR(__xludf.DUMMYFUNCTION("""COMPUTED_VALUE"""),"Working") -> Working | N13: =IFERROR(__xludf.DUMMYFUNCTION("""COMPUTED_VALUE"""),"CORRECT") -> CORRECT | O13: =IFERROR(__xludf.DUMMYFUNCTION("""COMPUTED_VALUE"""),"LOAD PENDING") -> LOAD PENDING | P13: =IF(K13>I13,"Extra Theory Load Alloted","") | Q13: =IF(L13>J13,"Extra Lab Load Alloted","")
A14: 13 | B14: AD11019 | C14: Mrs | D14: KIRUTHIGA R | E14: =CONCATENATE(C14,".",D14) -> Mrs.KIRUTHIGA R | F14: Artificial Intelligence and Data Science | G14: Assistant Professor Level I | H14: kiruthigar@bitsathy.ac.in | I14: =IFERROR(__xludf.DUMMYFUNCTION("QUERY(IMPORTRANGE(""https://docs.google.com/spreadsheets/d/1WWWnL0uEco2fCr2WvkXmt_9_Ox7wL_0CmzT8iuRp0aQ/edit?gid=1871111119#gid=1871111119"",""Details!A:X""),""SELECT Col8, Col9, Col10, Col11, Col12, Col13, Col14 WHERE Col2='""&B14&""'"",0)"),2.0) -> 2 | J14: =IFERROR(__xludf.DUMMYFUNCTION("""COMPUTED_VALUE"""),2.0) -> 2 | K14: =IFERROR(__xludf.DUMMYFUNCTION("""COMPUTED_VALUE"""),2.0) -> 2 | L14: =IFERROR(__xludf.DUMMYFUNCTION("""COMPUTED_VALUE"""),1.0) -> 1 | M14: =IFERROR(__xludf.DUMMYFUNCTION("""COMPUTED_VALUE"""),"Working") -> Working | N14: =IFERROR(__xludf.DUMMYFUNCTION("""COMPUTED_VALUE"""),"CORRECT") -> CORRECT | O14: =IFERROR(__xludf.DUMMYFUNCTION("""COMPUTED_VALUE"""),"LOAD PENDING") -> LOAD PENDING | P14: =IF(K14>I14,"Extra Theory Load Alloted","") | Q14: =IF(L14>J14,"Extra Lab Load Alloted","")
A15: 14 | B15: AD11023 | C15: Mrs | D15: VAANATHI S | E15: =CONCATENATE(C15,".",D15) -> Mrs.VAANATHI S | F15: Artificial Intelligence and Data Science | G15: Assistant Professor Level II | H15: vaanathi@bitsathy.ac.in | I15: =IFERROR(__xludf.DUMMYFUNCTION("QUERY(IMPORTRANGE(""https://docs.google.com/spreadsheets/d/1WWWnL0uEco2fCr2WvkXmt_9_Ox7wL_0CmzT8iuRp0aQ/edit?gid=1871111119#gid=1871111119"",""Details!A:X""),""SELECT Col8, Col9, Col10, Col11, Col12, Col13, Col14 WHERE Col2='""&B15&""'"",0)"),2.0) -> 2 | J15: =IFERROR(__xludf.DUMMYFUNCTION("""COMPUTED_VALUE"""),1.0) -> 1 | K15: =IFERROR(__xludf.DUMMYFUNCTION("""COMPUTED_VALUE"""),2.0) -> 2 | L15: =IFERROR(__xludf.DUMMYFUNCTION("""COMPUTED_VALUE"""),1.0) -> 1 | M15: =IFERROR(__xludf.DUMMYFUNCTION("""COMPUTED_VALUE"""),"Working") -> Working | N15: =IFERROR(__xludf.DUMMYFUNCTION("""COMPUTED_VALUE"""),"CORRECT") -> CORRECT | O15: =IFERROR(__xludf.DUMMYFUNCTION("""COMPUTED_VALUE"""),"CORRECT") -> CORRECT | P15: =IF(K15>I15,"Extra Theory Load Alloted","") | Q15: =IF(L15>J15,"Extra Lab Load Alloted","")
A16: 15 | B16: AD11026 | C16: Mr | D16: CHOZHARAJAN P | E16: =CONCATENATE(C16,".",D16) -> Mr.CHOZHARAJAN P | F16: Artificial Intelligence and Data Science | G16: Assistant Professor Level III | H16: chozharajanp@bitsathy.ac.in | I16: =IFERROR(__xludf.DUMMYFUNCTION("QUERY(IMPORTRANGE(""https://docs.google.com/spreadsheets/d/1WWWnL0uEco2fCr2WvkXmt_9_Ox7wL_0CmzT8iuRp0aQ/edit?gid=1871111119#gid=1871111119"",""Details!A:X""),""SELECT Col8, Col9, Col10, Col11, Col12, Col13, Col14 WHERE Col2='""&B16&""'"",0)"),2.0) -> 2 | J16: =IFERROR(__xludf.DUMMYFUNCTION("""COMPUTED_VALUE"""),2.0) -> 2 | K16: =IFERROR(__xludf.DUMMYFUNCTION("""COMPUTED_VALUE"""),2.0) -> 2 | L16: =IFERROR(__xludf.DUMMYFUNCTION("""COMPUTED_VALUE"""),1.0) -> 1 | M16: =IFERROR(__xludf.DUMMYFUNCTION("""COMPUTED_VALUE"""),"Working") -> Working | N16: =IFERROR(__xludf.DUMMYFUNCTION("""COMPUTED_VALUE"""),"CORRECT") -> CORRECT | O16: =IFERROR(__xludf.DUMMYFUNCTION("""COMPUTED_VALUE"""),"LOAD PENDING") -> LOAD PENDING | P16: =IF(K16>I16,"Extra Theory Load Alloted","") | Q16: =IF(L16>J16,"Extra Lab Load Alloted","")
A17: 16 | B17: AD11041 | C17: Mrs | D17: ASHFORN HERMINA J M | E17: =CONCATENATE(C17,".",D17) -> Mrs.ASHFORN HERMINA J M | F17: Artificial Intelligence and Data Science | G17: Assistant Professor Level I | H17: ashfornherminajm@bitsathy.ac.in | I17: =IFERROR(__xludf.DUMMYFUNCTION("QUERY(IMPORTRANGE(""https://docs.google.com/spreadsheets/d/1WWWnL0uEco2fCr2WvkXmt_9_Ox7wL_0CmzT8iuRp0aQ/edit?gid=1871111119#gid=1871111119"",""Details!A:X""),""SELECT Col8, Col9, Col10, Col11, Col12, Col13, Col14 WHERE Col2='""&B17&""'"",0)"),2.0) -> 2 | J17: =IFERROR(__xludf.DUMMYFUNCTION("""COMPUTED_VALUE"""),2.0) -> 2 | K17: =IFERROR(__xludf.DUMMYFUNCTION("""COMPUTED_VALUE"""),2.0) -> 2 | L17: =IFERROR(__xludf.DUMMYFUNCTION("""COMPUTED_VALUE"""),1.0) -> 1 | M17: =IFERROR(__xludf.DUMMYFUNCTION("""COMPUTED_VALUE"""),"Working") -> Working | N17: =IFERROR(__xludf.DUMMYFUNCTION("""COMPUTED_VALUE"""),"CORRECT") -> CORRECT | O17: =IFERROR(__xludf.DUMMYFUNCTION("""COMPUTED_VALUE"""),"LOAD PENDING") -> LOAD PENDING | P17: =IF(K17>I17,"Extra Theory Load Alloted","") | Q17: =IF(L17>J17,"Extra Lab Load Alloted","")
A18: 17 | B18: AD11042 | C18: Mrs | D18: JEEVITHA S V | E18: =CONCATENATE(C18,".",D18) -> Mrs.JEEVITHA S V | F18: Artificial Intelligence and Data Science | G18: Assistant Professor Level I | H18: jeevithasv@bitsathy.ac.in | I18: =IFERROR(__xludf.DUMMYFUNCTION("QUERY(IMPORTRANGE(""https://docs.google.com/spreadsheets/d/1WWWnL0uEco2fCr2WvkXmt_9_Ox7wL_0CmzT8iuRp0aQ/edit?gid=1871111119#gid=1871111119"",""Details!A:X""),""SELECT Col8, Col9, Col10, Col11, Col12, Col13, Col14 WHERE Col2='""&B18&""'"",0)"),2.0) -> 2 | J18: =IFERROR(__xludf.DUMMYFUNCTION("""COMPUTED_VALUE"""),2.0) -> 2 | K18: =IFERROR(__xludf.DUMMYFUNCTION("""COMPUTED_VALUE"""),2.0) -> 2 | L18: =IFERROR(__xludf.DUMMYFUNCTION("""COMPUTED_VALUE"""),1.0) -> 1 | M18: =IFERROR(__xludf.DUMMYFUNCTION("""COMPUTED_VALUE"""),"Working") -> Working | N18: =IFERROR(__xludf.DUMMYFUNCTION("""COMPUTED_VALUE"""),"CORRECT") -> CORRECT | O18: =IFERROR(__xludf.DUMMYFUNCTION("""COMPUTED_VALUE"""),"LOAD PENDING") -> LOAD PENDING | P18: =IF(K18>I18,"Extra Theory Load Alloted","") | Q18: =IF(L18>J18,"Extra Lab Load Alloted","")
A19: 18 | B19: AD11068 | C19: Ms | D19: BENITA GRACIA THANGAM J | E19: =CONCATENATE(C19,".",D19) -> Ms.BENITA GRACIA THANGAM J | F19: Artificial Intelligence and Data Science | G19: Assistant Professor Level I | H19: benitagraciathangam@bitsathy.ac.in | I19: =IFERROR(__xludf.DUMMYFUNCTION("QUERY(IMPORTRANGE(""https://docs.google.com/spreadsheets/d/1WWWnL0uEco2fCr2WvkXmt_9_Ox7wL_0CmzT8iuRp0aQ/edit?gid=1871111119#gid=1871111119"",""Details!A:X""),""SELECT Col8, Col9, Col10, Col11, Col12, Col13, Col14 WHERE Col2='""&B19&""'"",0)"),2.0) -> 2 | J19: =IFERROR(__xludf.DUMMYFUNCTION("""COMPUTED_VALUE"""),2.0) -> 2 | K19: =IFERROR(__xludf.DUMMYFUNCTION("""COMPUTED_VALUE"""),2.0) -> 2 | L19: =IFERROR(__xludf.DUMMYFUNCTION("""COMPUTED_VALUE"""),1.0) -> 1 | M19: =IFERROR(__xludf.DUMMYFUNCTION("""COMPUTED_VALUE"""),"Working") -> Working | N19: =IFERROR(__xludf.DUMMYFUNCTION("""COMPUTED_VALUE"""),"CORRECT") -> CORRECT | O19: =IFERROR(__xludf.DUMMYFUNCTION("""COMPUTED_VALUE"""),"LOAD PENDING") -> LOAD PENDING | P19: =IF(K19>I19,"Extra Theory Load Alloted","") | Q19: =IF(L19>J19,"Extra Lab Load Alloted","")
A20: 19 | B20: AD11069 | C20: Mr | D20: PREMKUMAR C | E20: =CONCATENATE(C20,".",D20) -> Mr.PREMKUMAR C | F20: Artificial Intelligence and Data Science | G20: Assistant Professor Level I | H20: premkumar@bitsathy.ac.in | I20: =IFERROR(__xludf.DUMMYFUNCTION("QUERY(IMPORTRANGE(""https://docs.google.com/spreadsheets/d/1WWWnL0uEco2fCr2WvkXmt_9_Ox7wL_0CmzT8iuRp0aQ/edit?gid=1871111119#gid=1871111119"",""Details!A:X""),""SELECT Col8, Col9, Col10, Col11, Col12, Col13, Col14 WHERE Col2='""&B20&""'"",0)"),2.0) -> 2 | J20: =IFERROR(__xludf.DUMMYFUNCTION("""COMPUTED_VALUE"""),2.0) -> 2 | K20: =IFERROR(__xludf.DUMMYFUNCTION("""COMPUTED_VALUE"""),2.0) -> 2 | L20: =IFERROR(__xludf.DUMMYFUNCTION("""COMPUTED_VALUE"""),1.0) -> 1 | M20: =IFERROR(__xludf.DUMMYFUNCTION("""COMPUTED_VALUE"""),"Working") -> Working | N20: =IFERROR(__xludf.DUMMYFUNCTION("""COMPUTED_VALUE"""),"CORRECT") -> CORRECT | O20: =IFERROR(__xludf.DUMMYFUNCTION("""COMPUTED_VALUE"""),"LOAD PENDING") -> LOAD PENDING | P20: =IF(K20>I20,"Extra Theory Load Alloted","") | Q20: =IF(L20>J20,"Extra Lab Load Alloted","")
A21: 20 | B21: AD1108 | C21: Dr | D21: SUNDARA MURTHY S | E21: =CONCATENATE(C21,".",D21) -> Dr.SUNDARA MURTHY S | F21: Artificial Intelligence and Data Science | G21: Professor | H21: sundaramurthys@bitsathy.ac.in | I21: =IFERROR(__xludf.DUMMYFUNCTION("QUERY(IMPORTRANGE(""https://docs.google.com/spreadsheets/d/1WWWnL0uEco2fCr2WvkXmt_9_Ox7wL_0CmzT8iuRp0aQ/edit?gid=1871111119#gid=1871111119"",""Details!A:X""),""SELECT Col8, Col9, Col10, Col11, Col12, Col13, Col14 WHERE Col2='""&B21&""'"",0)"),1.0) -> 1 | J21: =IFERROR(__xludf.DUMMYFUNCTION("""COMPUTED_VALUE"""),0.0) -> 0 | K21: =IFERROR(__xludf.DUMMYFUNCTION("""COMPUTED_VALUE"""),1.0) -> 1 | L21: =IFERROR(__xludf.DUMMYFUNCTION("""COMPUTED_VALUE"""),0.0) -> 0 | M21: =IFERROR(__xludf.DUMMYFUNCTION("""COMPUTED_VALUE"""),"Working") -> Working | N21: =IFERROR(__xludf.DUMMYFUNCTION("""COMPUTED_VALUE"""),"CORRECT") -> CORRECT | O21: =IFERROR(__xludf.DUMMYFUNCTION("""COMPUTED_VALUE"""),"CORRECT") -> CORRECT | P21: =IF(K21>I21,"Extra Theory Load Alloted","") | Q21: =IF(L21>J21,"Extra Lab Load Alloted","")
A22: 21 | B22: AD11089 | C22: Mrs | D22: RESHMI T S | E22: =CONCATENATE(C22,".",D22) -> Mrs.RESHMI T S | F22: Artificial Intelligence and Data Science | G22: Assistant Professor Level I | H22: reshmits@bitsathy.ac.in | I22: =IFERROR(__xludf.DUMMYFUNCTION("QUERY(IMPORTRANGE(""https://docs.google.com/spreadsheets/d/1WWWnL0uEco2fCr2WvkXmt_9_Ox7wL_0CmzT8iuRp0aQ/edit?gid=1871111119#gid=1871111119"",""Details!A:X""),""SELECT Col8, Col9, Col10, Col11, Col12, Col13, Col14 WHERE Col2='""&B22&""'"",0)"),2.0) -> 2 | J22: =IFERROR(__xludf.DUMMYFUNCTION("""COMPUTED_VALUE"""),2.0) -> 2 | K22: =IFERROR(__xludf.DUMMYFUNCTION("""COMPUTED_VALUE"""),2.0) -> 2 | L22: =IFERROR(__xludf.DUMMYFUNCTION("""COMPUTED_VALUE"""),1.0) -> 1 | M22: =IFERROR(__xludf.DUMMYFUNCTION("""COMPUTED_VALUE"""),"Working") -> Working | N22: =IFERROR(__xludf.DUMMYFUNCTION("""COMPUTED_VALUE"""),"CORRECT") -> CORRECT | O22: =IFERROR(__xludf.DUMMYFUNCTION("""COMPUTED_VALUE"""),"LOAD PENDING") -> LOAD PENDING | P22: =IF(K22>I22,"Extra Theory Load Alloted","") | Q22: =IF(L22>J22,"Extra Lab Load Alloted","")
A23: 22 | B23: AD11096 | C23: Dr | D23: SUBBULAKSHMI M | E23: =CONCATENATE(C23,".",D23) -> Dr.SUBBULAKSHMI M | F23: Artificial Intelligence and Data Science | G23: Assistant Professor Level III | H23: subbulakshmi@bitsathy.ac.in | I23: =IFERROR(__xludf.DUMMYFUNCTION("QUERY(IMPORTRANGE(""https://docs.google.com/spreadsheets/d/1WWWnL0uEco2fCr2WvkXmt_9_Ox7wL_0CmzT8iuRp0aQ/edit?gid=1871111119#gid=1871111119"",""Details!A:X""),""SELECT Col8, Col9, Col10, Col11, Col12, Col13, Col14 WHERE Col2='""&B23&""'"",0)"),2.0) -> 2 | J23: =IFERROR(__xludf.DUMMYFUNCTION("""COMPUTED_VALUE"""),2.0) -> 2 | K23: =IFERROR(__xludf.DUMMYFUNCTION("""COMPUTED_VALUE"""),2.0) -> 2 | L23: =IFERROR(__xludf.DUMMYFUNCTION("""COMPUTED_VALUE"""),1.0) -> 1 | M23: =IFERROR(__xludf.DUMMYFUNCTION("""COMPUTED_VALUE"""),"Working") -> Working | N23: =IFERROR(__xludf.DUMMYFUNCTION("""COMPUTED_VALUE"""),"CORRECT") -> CORRECT | O23: =IFERROR(__xludf.DUMMYFUNCTION("""COMPUTED_VALUE"""),"LOAD PENDING") -> LOAD PENDING | P23: =IF(K23>I23,"Extra Theory Load Alloted","") | Q23: =IF(L23>J23,"Extra Lab Load Alloted","")
A24: 23 | B24: AD11104 | C24: Mrs | D24: KALPANA R | E24: =CONCATENATE(C24,".",D24) -> Mrs.KALPANA R | F24: Artificial Intelligence and Data Science | G24: Assistant Professor Level I | H24: kalpana@bitsathy.ac.in | I24: =IFERROR(__xludf.DUMMYFUNCTION("QUERY(IMPORTRANGE(""https://docs.google.com/spreadsheets/d/1WWWnL0uEco2fCr2WvkXmt_9_Ox7wL_0CmzT8iuRp0aQ/edit?gid=1871111119#gid=1871111119"",""Details!A:X""),""SELECT Col8, Col9, Col10, Col11, Col12, Col13, Col14 WHERE Col2='""&B24&""'"",0)"),2.0) -> 2 | J24: =IFERROR(__xludf.DUMMYFUNCTION("""COMPUTED_VALUE"""),2.0) -> 2 | K24: =IFERROR(__xludf.DUMMYFUNCTION("""COMPUTED_VALUE"""),2.0) -> 2 | L24: =IFERROR(__xludf.DUMMYFUNCTION("""COMPUTED_VALUE"""),1.0) -> 1 | M24: =IFERROR(__xludf.DUMMYFUNCTION("""COMPUTED_VALUE"""),"Working") -> Working | N24: =IFERROR(__xludf.DUMMYFUNCTION("""COMPUTED_VALUE"""),"CORRECT") -> CORRECT | O24: =IFERROR(__xludf.DUMMYFUNCTION("""COMPUTED_VALUE"""),"LOAD PENDING") -> LOAD PENDING | P24: =IF(K24>I24,"Extra Theory Load Alloted","") | Q24: =IF(L24>J24,"Extra Lab Load Alloted","")
A25: 24 | B25: AD11111 | C25: Ms | D25: SURIYA V | E25: =CONCATENATE(C25,".",D25) -> Ms.SURIYA V | F25: Artificial Intelligence and Data Science | G25: Assistant Professor Level I | H25: suriya@bitsathy.ac.in | I25: =IFERROR(__xludf.DUMMYFUNCTION("QUERY(IMPORTRANGE(""https://docs.google.com/spreadsheets/d/1WWWnL0uEco2fCr2WvkXmt_9_Ox7wL_0CmzT8iuRp0aQ/edit?gid=1871111119#gid=1871111119"",""Details!A:X""),""SELECT Col8, Col9, Col10, Col11, Col12, Col13, Col14 WHERE Col2='""&B25&""'"",0)"),2.0) -> 2 | J25: =IFERROR(__xludf.DUMMYFUNCTION("""COMPUTED_VALUE"""),2.0) -> 2 | K25: =IFERROR(__xludf.DUMMYFUNCTION("""COMPUTED_VALUE"""),2.0) -> 2 | L25: =IFERROR(__xludf.DUMMYFUNCTION("""COMPUTED_VALUE"""),1.0) -> 1 | M25: =IFERROR(__xludf.DUMMYFUNCTION("""COMPUTED_VALUE"""),"Working") -> Working | N25: =IFERROR(__xludf.DUMMYFUNCTION("""COMPUTED_VALUE"""),"CORRECT") -> CORRECT | O25: =IFERROR(__xludf.DUMMYFUNCTION("""COMPUTED_VALUE"""),"LOAD PENDING") -> LOAD PENDING | P25: =IF(K25>I25,"Extra Theory Load Alloted","") | Q25: =IF(L25>J25,"Extra Lab Load Alloted","")
A26: 25 | B26: AD11112 | C26: Mrs | D26: HEMA PRIYA D | E26: =CONCATENATE(C26,".",D26) -> Mrs.HEMA PRIYA D | F26: Artificial Intelligence and Data Science | G26: Assistant Professor Level I | H26: hemapriyad@bitsathy.ac.in | I26: =IFERROR(__xludf.DUMMYFUNCTION("QUERY(IMPORTRANGE(""https://docs.google.com/spreadsheets/d/1WWWnL0uEco2fCr2WvkXmt_9_Ox7wL_0CmzT8iuRp0aQ/edit?gid=1871111119#gid=1871111119"",""Details!A:X""),""SELECT Col8, Col9, Col10, Col11, Col12, Col13, Col14 WHERE Col2='""&B26&""'"",0)"),2.0) -> 2 | J26: =IFERROR(__xludf.DUMMYFUNCTION("""COMPUTED_VALUE"""),2.0) -> 2 | K26: =IFERROR(__xludf.DUMMYFUNCTION("""COMPUTED_VALUE"""),1.0) -> 1 | L26: =IFERROR(__xludf.DUMMYFUNCTION("""COMPUTED_VALUE"""),1.0) -> 1 | M26: =IFERROR(__xludf.DUMMYFUNCTION("""COMPUTED_VALUE"""),"Working") -> Working | N26: =IFERROR(__xludf.DUMMYFUNCTION("""COMPUTED_VALUE"""),"LOAD PENDING") -> LOAD PENDING | O26: =IFERROR(__xludf.DUMMYFUNCTION("""COMPUTED_VALUE"""),"LOAD PENDING") -> LOAD PENDING | P26: =IF(K26>I26,"Extra Theory Load Alloted","") | Q26: =IF(L26>J26,"Extra Lab Load Alloted","")
A27: 26 | B27: AD11114 | C27: Mrs | D27: MANJU M | E27: =CONCATENATE(C27,".",D27) -> Mrs.MANJU M | F27: Artificial Intelligence and Data Science | G27: Assistant Professor Level I | H27: manju@bitsathy.ac.in | I27: =IFERROR(__xludf.DUMMYFUNCTION("QUERY(IMPORTRANGE(""https://docs.google.com/spreadsheets/d/1WWWnL0uEco2fCr2WvkXmt_9_Ox7wL_0CmzT8iuRp0aQ/edit?gid=1871111119#gid=1871111119"",""Details!A:X""),""SELECT Col8, Col9, Col10, Col11, Col12, Col13, Col14 WHERE Col2='""&B27&""'"",0)"),2.0) -> 2 | J27: =IFERROR(__xludf.DUMMYFUNCTION("""COMPUTED_VALUE"""),2.0) -> 2 | K27: =IFERROR(__xludf.DUMMYFUNCTION("""COMPUTED_VALUE"""),2.0) -> 2 | L27: =IFERROR(__xludf.DUMMYFUNCTION("""COMPUTED_VALUE"""),1.0) -> 1 | M27: =IFERROR(__xludf.DUMMYFUNCTION("""COMPUTED_VALUE"""),"Working") -> Working | N27: =IFERROR(__xludf.DUMMYFUNCTION("""COMPUTED_VALUE"""),"CORRECT") -> CORRECT | O27: =IFERROR(__xludf.DUMMYFUNCTION("""COMPUTED_VALUE"""),"LOAD PENDING") -> LOAD PENDING | P27: =IF(K27>I27,"Extra Theory Load Alloted","") | Q27: =IF(L27>J27,"Extra Lab Load Alloted","")
A28: 27 | B28: AD11116 | C28: Ms | D28: PRIYADHARSHNI S | E28: =CONCATENATE(C28,".",D28) -> Ms.PRIYADHARSHNI S | F28: Artificial Intelligence and Data Science | G28: Assistant Professor Level I | H28: priyadharshni@bitsathy.ac.in | I28: =IFERROR(__xludf.DUMMYFUNCTION("QUERY(IMPORTRANGE(""https://docs.google.com/spreadsheets/d/1WWWnL0uEco2fCr2WvkXmt_9_Ox7wL_0CmzT8iuRp0aQ/edit?gid=1871111119#gid=1871111119"",""Details!A:X""),""SELECT Col8, Col9, Col10, Col11, Col12, Col13, Col14 WHERE Col2='""&B28&""'"",0)"),2.0) -> 2 | J28: =IFERROR(__xludf.DUMMYFUNCTION("""COMPUTED_VALUE"""),2.0) -> 2 | K28: =IFERROR(__xludf.DUMMYFUNCTION("""COMPUTED_VALUE"""),2.0) -> 2 | L28: =IFERROR(__xludf.DUMMYFUNCTION("""COMPUTED_VALUE"""),1.0) -> 1 | M28: =IFERROR(__xludf.DUMMYFUNCTION("""COMPUTED_VALUE"""),"Working") -> Working | N28: =IFERROR(__xludf.DUMMYFUNCTION("""COMPUTED_VALUE"""),"CORRECT") -> CORRECT | O28: =IFERROR(__xludf.DUMMYFUNCTION("""COMPUTED_VALUE"""),"LOAD PENDING") -> LOAD PENDING | P28: =IF(K28>I28,"Extra Theory Load Alloted","") | Q28: =IF(L28>J28,"Extra Lab Load Alloted","")
A29: 28 | B29: AD11164 | C29: Mr | D29: SASSON TAFFWIN MOSES S | E29: =CONCATENATE(C29,".",D29) -> Mr.SASSON TAFFWIN MOSES S | F29: Artificial Intelligence and Data Science | G29: Assistant Professor Level I | H29: sassontaffwinmosess@bitsathy.ac.in | I29: =IFERROR(__xludf.DUMMYFUNCTION("QUERY(IMPORTRANGE(""https://docs.google.com/spreadsheets/d/1WWWnL0uEco2fCr2WvkXmt_9_Ox7wL_0CmzT8iuRp0aQ/edit?gid=1871111119#gid=1871111119"",""Details!A:X""),""SELECT Col8, Col9, Col10, Col11, Col12, Col13, Col14 WHERE Col2='""&B29&""'"",0)"),2.0) -> 2 | J29: =IFERROR(__xludf.DUMMYFUNCTION("""COMPUTED_VALUE"""),2.0) -> 2 | K29: =IFERROR(__xludf.DUMMYFUNCTION("""COMPUTED_VALUE"""),2.0) -> 2 | L29: =IFERROR(__xludf.DUMMYFUNCTION("""COMPUTED_VALUE"""),1.0) -> 1 | M29: =IFERROR(__xludf.DUMMYFUNCTION("""COMPUTED_VALUE"""),"Working") -> Working | N29: =IFERROR(__xludf.DUMMYFUNCTION("""COMPUTED_VALUE"""),"CORRECT") -> CORRECT | O29: =IFERROR(__xludf.DUMMYFUNCTION("""COMPUTED_VALUE"""),"LOAD PENDING") -> LOAD PENDING | P29: =IF(K29>I29,"Extra Theory Load Alloted","") | Q29: =IF(L29>J29,"Extra Lab Load Alloted","")
A30: 29 | B30: AD11169 | C30: Mrs | D30: MANOCHITRA A S | E30: =CONCATENATE(C30,".",D30) -> Mrs.MANOCHITRA A S | F30: Artificial Intelligence and Data Science | G30: Assistant Professor Level I | H30: manochitra@bitsathy.ac.in | I30: =IFERROR(__xludf.DUMMYFUNCTION("QUERY(IMPORTRANGE(""https://docs.google.com/spreadsheets/d/1WWWnL0uEco2fCr2WvkXmt_9_Ox7wL_0CmzT8iuRp0aQ/edit?gid=1871111119#gid=1871111119"",""Details!A:X""),""SELECT Col8, Col9, Col10, Col11, Col12, Col13, Col14 WHERE Col2='""&B30&""'"",0)"),2.0) -> 2 | J30: =IFERROR(__xludf.DUMMYFUNCTION("""COMPUTED_VALUE"""),2.0) -> 2 | K30: =IFERROR(__xludf.DUMMYFUNCTION("""COMPUTED_VALUE"""),2.0) -> 2 | L30: =IFERROR(__xludf.DUMMYFUNCTION("""COMPUTED_VALUE"""),1.0) -> 1 | M30: =IFERROR(__xludf.DUMMYFUNCTION("""COMPUTED_VALUE"""),"Working") -> Working | N30: =IFERROR(__xludf.DUMMYFUNCTION("""COMPUTED_VALUE"""),"CORRECT") -> CORRECT | O30: =IFERROR(__xludf.DUMMYFUNCTION("""COMPUTED_VALUE"""),"LOAD PENDING") -> LOAD PENDING | P30: =IF(K30>I30,"Extra Theory Load Alloted","") | Q30: =IF(L30>J30,"Extra Lab Load Alloted","")
A31: 30 | B31: AD11193 | C31: Mr | D31: NAVANEETH KUMAR K | E31: =CONCATENATE(C31,".",D31) -> Mr.NAVANEETH KUMAR K | F31: Artificial Intelligence and Data Science | G31: Assistant Professor Level III | H31: navaneethkumark@bitsathy.ac.in | I31: =IFERROR(__xludf.DUMMYFUNCTION("QUERY(IMPORTRANGE(""https://docs.google.com/spreadsheets/d/1WWWnL0uEco2fCr2WvkXmt_9_Ox7wL_0CmzT8iuRp0aQ/edit?gid=1871111119#gid=1871111119"",""Details!A:X""),""SELECT Col8, Col9, Col10, Col11, Col12, Col13, Col14 WHERE Col2='""&B31&""'"",0)"),"") | K31: =IFERROR(__xludf.DUMMYFUNCTION("""COMPUTED_VALUE"""),1.0) -> 1 | L31: =IFERROR(__xludf.DUMMYFUNCTION("""COMPUTED_VALUE"""),0.0) -> 0 | M31: =IFERROR(__xludf.DUMMYFUNCTION("""COMPUTED_VALUE"""),"Working") -> Working | N31: =IFERROR(__xludf.DUMMYFUNCTION("""COMPUTED_VALUE"""),"#N/A") -> #N/A | O31: =IFERROR(__xludf.DUMMYFUNCTION("""COMPUTED_VALUE"""),"CORRECT") -> CORRECT | P31: =IF(K31>I31,"Extra Theory Load Alloted","") -> Extra Theory Load Alloted | Q31: =IF(L31>J31,"Extra Lab Load Alloted","")
A32: 31 | B32: AD1444 | C32: Dr | D32: GOMATHI R | E32: =CONCATENATE(C32,".",D32) -> Dr.GOMATHI R | F32: Artificial Intelligence and Data Science | G32: Professor | H32: gomathir@bitsathy.ac.in | I32: =IFERROR(__xludf.DUMMYFUNCTION("QUERY(IMPORTRANGE(""https://docs.google.com/spreadsheets/d/1WWWnL0uEco2fCr2WvkXmt_9_Ox7wL_0CmzT8iuRp0aQ/edit?gid=1871111119#gid=1871111119"",""Details!A:X""),""SELECT Col8, Col9, Col10, Col11, Col12, Col13, Col14 WHERE Col2='""&B32&""'"",0)"),1.0) -> 1 | J32: =IFERROR(__xludf.DUMMYFUNCTION("""COMPUTED_VALUE"""),0.0) -> 0 | K32: =IFERROR(__xludf.DUMMYFUNCTION("""COMPUTED_VALUE"""),1.0) -> 1 | L32: =IFERROR(__xludf.DUMMYFUNCTION("""COMPUTED_VALUE"""),0.0) -> 0 | M32: =IFERROR(__xludf.DUMMYFUNCTION("""COMPUTED_VALUE"""),"Working") -> Working | N32: =IFERROR(__xludf.DUMMYFUNCTION("""COMPUTED_VALUE"""),"CORRECT") -> CORRECT | O32: =IFERROR(__xludf.DUMMYFUNCTION("""COMPUTED_VALUE"""),"CORRECT") -> CORRECT | P32: =IF(K32>I32,"Extra Theory Load Alloted","") | Q32: =IF(L32>J32,"Extra Lab Load Alloted","")
A33: 32 | B33: AD1963 | C33: Dr | D33: NANDHINI S S | E33: =CONCATENATE(C33,".",D33) -> Dr.NANDHINI S S | F33: Artificial Intelligence and Data Science | G33: Associate Professor | H33: nandhiniss@bitsathy.ac.in | I33: =IFERROR(__xludf.DUMMYFUNCTION("QUERY(IMPORTRANGE(""https://docs.google.com/spreadsheets/d/1WWWnL0uEco2fCr2WvkXmt_9_Ox7wL_0CmzT8iuRp0aQ/edit?gid=1871111119#gid=1871111119"",""Details!A:X""),""SELECT Col8, Col9, Col10, Col11, Col12, Col13, Col14 WHERE Col2='""&B33&""'"",0)"),0.0) -> 0 | J33: =IFERROR(__xludf.DUMMYFUNCTION("""COMPUTED_VALUE"""),0.0) -> 0 | K33: =IFERROR(__xludf.DUMMYFUNCTION("""COMPUTED_VALUE"""),0.0) -> 0 | L33: =IFERROR(__xludf.DUMMYFUNCTION("""COMPUTED_VALUE"""),0.0) -> 0 | M33: =IFERROR(__xludf.DUMMYFUNCTION("""COMPUTED_VALUE"""),"Working") -> Working | N33: =IFERROR(__xludf.DUMMYFUNCTION("""COMPUTED_VALUE"""),"CORRECT") -> CORRECT | O33: =IFERROR(__xludf.DUMMYFUNCTION("""COMPUTED_VALUE"""),"CORRECT") -> CORRECT | P33: =IF(K33>I33,"Extra Theory Load Alloted","") | Q33: =IF(L33>J33,"Extra Lab Load Alloted","")
A34: 33 | B34: AG10092 | C34: Dr | D34: VASUDEVAN M | E34: =CONCATENATE(C34,".",D34) -> Dr.VASUDEVAN M | F34: Agricultural Engineering | G34: Associate Professor | H34: vasudevan@bitsathy.ac.in | I34: =IFERROR(__xludf.DUMMYFUNCTION("QUERY(IMPORTRANGE(""https://docs.google.com/spreadsheets/d/1WWWnL0uEco2fCr2WvkXmt_9_Ox7wL_0CmzT8iuRp0aQ/edit?gid=1871111119#gid=1871111119"",""Details!A:X""),""SELECT Col8, Col9, Col10, Col11, Col12, Col13, Col14 WHERE Col2='""&B34&""'"",0)"),2.0) -> 2 | J34: =IFERROR(__xludf.DUMMYFUNCTION("""COMPUTED_VALUE"""),1.0) -> 1 | K34: =IFERROR(__xludf.DUMMYFUNCTION("""COMPUTED_VALUE"""),2.0) -> 2 | L34: =IFERROR(__xludf.DUMMYFUNCTION("""COMPUTED_VALUE"""),1.0) -> 1 | M34: =IFERROR(__xludf.DUMMYFUNCTION("""COMPUTED_VALUE"""),"Working") -> Working | N34: =IFERROR(__xludf.DUMMYFUNCTION("""COMPUTED_VALUE"""),"CORRECT") -> CORRECT | O34: =IFERROR(__xludf.DUMMYFUNCTION("""COMPUTED_VALUE"""),"CORRECT") -> CORRECT | P34: =IF(K34>I34,"Extra Theory Load Alloted","") | Q34: =IF(L34>J34,"Extra Lab Load Alloted","")
A35: 34 | B35: AG10172 | C35: Dr | D35: VINOTH KUMAR J | E35: =CONCATENATE(C35,".",D35) -> Dr.VINOTH KUMAR J | F35: Agricultural Engineering | G35: Assistant Professor Level III | H35: vinothkumar@bitsathy.ac.in | I35: =IFERROR(__xludf.DUMMYFUNCTION("QUERY(IMPORTRANGE(""https://docs.google.com/spreadsheets/d/1WWWnL0uEco2fCr2WvkXmt_9_Ox7wL_0CmzT8iuRp0aQ/edit?gid=1871111119#gid=1871111119"",""Details!A:X""),""SELECT Col8, Col9, Col10, Col11, Col12, Col13, Col14 WHERE Col2='""&B35&""'"",0)"),1.0) -> 1 | J35: =IFERROR(__xludf.DUMMYFUNCTION("""COMPUTED_VALUE"""),0.0) -> 0 | K35: =IFERROR(__xludf.DUMMYFUNCTION("""COMPUTED_VALUE"""),1.0) -> 1 | L35: =IFERROR(__xludf.DUMMYFUNCTION("""COMPUTED_VALUE"""),1.0) -> 1 | M35: =IFERROR(__xludf.DUMMYFUNCTION("""COMPUTED_VALUE"""),"Working") -> Working | N35: =IFERROR(__xludf.DUMMYFUNCTION("""COMPUTED_VALUE"""),"CORRECT") -> CORRECT | O35: =IFERROR(__xludf.DUMMYFUNCTION("""COMPUTED_VALUE"""),"CORRECT") -> CORRECT | P35: =IF(K35>I35,"Extra Theory Load Alloted","") | Q35: =IF(L35>J35,"Extra Lab Load Alloted","") -> Extra Lab Load Alloted
A36: 35 | B36: AG10503 | C36: Dr | D36: CHELLADURAI V | E36: =CONCATENATE(C36,".",D36) -> Dr.CHELLADURAI V | F36: Agricultural Engineering | G36: Associate Professor | H36: chelladurai@bitsathy.ac.in | I36: =IFERROR(__xludf.DUMMYFUNCTION("QUERY(IMPORTRANGE(""https://docs.google.com/spreadsheets/d/1WWWnL0uEco2fCr2WvkXmt_9_Ox7wL_0CmzT8iuRp0aQ/edit?gid=1871111119#gid=1871111119"",""Details!A:X""),""SELECT Col8, Col9, Col10, Col11, Col12, Col13, Col14 WHERE Col2='""&B36&""'"",0)"),1.0) -> 1 | J36: =IFERROR(__xludf.DUMMYFUNCTION("""COMPUTED_VALUE"""),0.0) -> 0 | K36: =IFERROR(__xludf.DUMMYFUNCTION("""COMPUTED_VALUE"""),1.0) -> 1 | L36: =IFERROR(__xludf.DUMMYFUNCTION("""COMPUTED_VALUE"""),0.0) -> 0 | M36: =IFERROR(__xludf.DUMMYFUNCTION("""COMPUTED_VALUE"""),"Working") -> Working | N36: =IFERROR(__xludf.DUMMYFUNCTION("""COMPUTED_VALUE"""),"CORRECT") -> CORRECT | O36: =IFERROR(__xludf.DUMMYFUNCTION("""COMPUTED_VALUE"""),"CORRECT") -> CORRECT | P36: =IF(K36>I36,"Extra Theory Load Alloted","") | Q36: =IF(L36>J36,"Extra Lab Load Alloted","")
A37: 36 | B37: AG10895 | C37: Ms | D37: ANANTHI D | E37: =CONCATENATE(C37,".",D37) -> Ms.ANANTHI D | F37: Agricultural Engineering | G37: Assistant Professor Level I | H37: ananthid@bitsathy.ac.in | I37: =IFERROR(__xludf.DUMMYFUNCTION("QUERY(IMPORTRANGE(""https://docs.google.com/spreadsheets/d/1WWWnL0uEco2fCr2WvkXmt_9_Ox7wL_0CmzT8iuRp0aQ/edit?gid=1871111119#gid=1871111119"",""Details!A:X""),""SELECT Col8, Col9, Col10, Col11, Col12, Col13, Col14 WHERE Col2='""&B37&""'"",0)"),2.0) -> 2 | J37: =IFERROR(__xludf.DUMMYFUNCTION("""COMPUTED_VALUE"""),2.0) -> 2 | K37: =IFERROR(__xludf.DUMMYFUNCTION("""COMPUTED_VALUE"""),2.0) -> 2 | L37: =IFERROR(__xludf.DUMMYFUNCTION("""COMPUTED_VALUE"""),1.0) -> 1 | M37: =IFERROR(__xludf.DUMMYFUNCTION("""COMPUTED_VALUE"""),"Working") -> Working | N37: =IFERROR(__xludf.DUMMYFUNCTION("""COMPUTED_VALUE"""),"CORRECT") -> CORRECT | O37: =IFERROR(__xludf.DUMMYFUNCTION("""COMPUTED_VALUE"""),"LOAD PENDING") -> LOAD PENDING | P37: =IF(K37>I37,"Extra Theory Load Alloted","") | Q37: =IF(L37>J37,"Extra Lab Load Alloted","")
A38: 37 | B38: AG10994 | C38: Mr | D38: MUTHUKUMARAVEL K | E38: =CONCATENATE(C38,".",D38) -> Mr.MUTHUKUMARAVEL K | F38: Agricultural Engineering | G38: Assistant Professor Level I | H38: muthukumaravelk@bitsathy.ac.in | I38: =IFERROR(__xludf.DUMMYFUNCTION("QUERY(IMPORTRANGE(""https://docs.google.com/spreadsheets/d/1WWWnL0uEco2fCr2WvkXmt_9_Ox7wL_0CmzT8iuRp0aQ/edit?gid=1871111119#gid=1871111119"",""Details!A:X""),""SELECT Col8, Col9, Col10, Col11, Col12, Col13, Col14 WHERE Col2='""&B38&""'"",0)"),1.0) -> 1 | J38: =IFERROR(__xludf.DUMMYFUNCTION("""COMPUTED_VALUE"""),0.0) -> 0 | K38: =IFERROR(__xludf.DUMMYFUNCTION("""COMPUTED_VALUE"""),1.0) -> 1 | L38: =IFERROR(__xludf.DUMMYFUNCTION("""COMPUTED_VALUE"""),0.0) -> 0 | M38: =IFERROR(__xludf.DUMMYFUNCTION("""COMPUTED_VALUE"""),"Working") -> Working | N38: =IFERROR(__xludf.DUMMYFUNCTION("""COMPUTED_VALUE"""),"CORRECT") -> CORRECT | O38: =IFERROR(__xludf.DUMMYFUNCTION("""COMPUTED_VALUE"""),"CORRECT") -> CORRECT | P38: =IF(K38>I38,"Extra Theory Load Alloted","") | Q38: =IF(L38>J38,"Extra Lab Load Alloted","")
A39: 38 | B39: AG11049 | C39: Dr | D39: PRAVEEN KUMAR D | E39: =CONCATENATE(C39,".",D39) -> Dr.PRAVEEN KUMAR D | F39: Agricultural Engineering | G39: Assistant Professor Level II | H39: praveenkumard@bitsathy.ac.in | I39: =IFERROR(__xludf.DUMMYFUNCTION("QUERY(IMPORTRANGE(""https://docs.google.com/spreadsheets/d/1WWWnL0uEco2fCr2WvkXmt_9_Ox7wL_0CmzT8iuRp0aQ/edit?gid=1871111119#gid=1871111119"",""Details!A:X""),""SELECT Col8, Col9, Col10, Col11, Col12, Col13, Col14 WHERE Col2='""&B39&""'"",0)"),2.0) -> 2 | J39: =IFERROR(__xludf.DUMMYFUNCTION("""COMPUTED_VALUE"""),2.0) -> 2 | K39: =IFERROR(__xludf.DUMMYFUNCTION("""COMPUTED_VALUE"""),2.0) -> 2 | L39: =IFERROR(__xludf.DUMMYFUNCTION("""COMPUTED_VALUE"""),1.0) -> 1 | M39: =IFERROR(__xludf.DUMMYFUNCTION("""COMPUTED_VALUE"""),"Working") -> Working | N39: =IFERROR(__xludf.DUMMYFUNCTION("""COMPUTED_VALUE"""),"CORRECT") -> CORRECT | O39: =IFERROR(__xludf.DUMMYFUNCTION("""COMPUTED_VALUE"""),"LOAD PENDING") -> LOAD PENDING | P39: =IF(K39>I39,"Extra Theory Load Alloted","") | Q39: =IF(L39>J39,"Extra Lab Load Alloted","")
A40: 39 | B40: AG11083 | C40: Dr | D40: RAGHUL S | E40: =CONCATENATE(C40,".",D40) -> Dr.RAGHUL S | F40: Agricultural Engineering | G40: Assistant Professor Level I | H40: raghul@bitsathy.ac.in | I40: =IFERROR(__xludf.DUMMYFUNCTION("QUERY(IMPORTRANGE(""https://docs.google.com/spreadsheets/d/1WWWnL0uEco2fCr2WvkXmt_9_Ox7wL_0CmzT8iuRp0aQ/edit?gid=1871111119#gid=1871111119"",""Details!A:X""),""SELECT Col8, Col9, Col10, Col11, Col12, Col13, Col14 WHERE Col2='""&B40&""'"",0)"),2.0) -> 2 | J40: =IFERROR(__xludf.DUMMYFUNCTION("""COMPUTED_VALUE"""),2.0) -> 2 | K40: =IFERROR(__xludf.DUMMYFUNCTION("""COMPUTED_VALUE"""),1.0) -> 1 | L40: =IFERROR(__xludf.DUMMYFUNCTION("""COMPUTED_VALUE"""),2.0) -> 2 | M40: =IFERROR(__xludf.DUMMYFUNCTION("""COMPUTED_VALUE"""),"Working") -> Working | N40: =IFERROR(__xludf.DUMMYFUNCTION("""COMPUTED_VALUE"""),"LOAD PENDING") -> LOAD PENDING | O40: =IFERROR(__xludf.DUMMYFUNCTION("""COMPUTED_VALUE"""),"CORRECT") -> CORRECT | P40: =IF(K40>I40,"Extra Theory Load Alloted","") | Q40: =IF(L40>J40,"Extra Lab Load Alloted","")
A41: 40 | B41: AG11178 | C41: Ms | D41: SNEKHA A R | E41: =CONCATENATE(C41,".",D41) -> Ms.SNEKHA A R | F41: Agricultural Engineering | G41: Assistant Professor Level I | H41: snekhaar@bitsathy.ac.in | I41: =IFERROR(__xludf.DUMMYFUNCTION("QUERY(IMPORTRANGE(""https://docs.google.com/spreadsheets/d/1WWWnL0uEco2fCr2WvkXmt_9_Ox7wL_0CmzT8iuRp0aQ/edit?gid=1871111119#gid=1871111119"",""Details!A:X""),""SELECT Col8, Col9, Col10, Col11, Col12, Col13, Col14 WHERE Col2='""&B41&""'"",0)"),2.0) -> 2 | J41: =IFERROR(__xludf.DUMMYFUNCTION("""COMPUTED_VALUE"""),2.0) -> 2 | K41: =IFERROR(__xludf.DUMMYFUNCTION("""COMPUTED_VALUE"""),2.0) -> 2 | L41: =IFERROR(__xludf.DUMMYFUNCTION("""COMPUTED_VALUE"""),0.0) -> 0 | M41: =IFERROR(__xludf.DUMMYFUNCTION("""COMPUTED_VALUE"""),"Working") -> Working | N41: =IFERROR(__xludf.DUMMYFUNCTION("""COMPUTED_VALUE"""),"CORRECT") -> CORRECT | O41: =IFERROR(__xludf.DUMMYFUNCTION("""COMPUTED_VALUE"""),"LOAD PENDING") -> LOAD PENDING | P41: =IF(K41>I41,"Extra Theory Load Alloted","") | Q41: =IF(L41>J41,"Extra Lab Load Alloted","")
A42: 41 | B42: AG1312 | C42: Dr | D42: UVARAJA V C | E42: =CONCATENATE(C42,".",D42) -> Dr.UVARAJA V C | F42: Agricultural Engineering | G42: Professor | H42: uvarajavc@bitsathy.ac.in | I42: =IFERROR(__xludf.DUMMYFUNCTION("QUERY(IMPORTRANGE(""https://docs.google.com/spreadsheets/d/1WWWnL0uEco2fCr2WvkXmt_9_Ox7wL_0CmzT8iuRp0aQ/edit?gid=1871111119#gid=1871111119"",""Details!A:X""),""SELECT Col8, Col9, Col10, Col11, Col12, Col13, Col14 WHERE Col2='""&B42&""'"",0)"),1.0) -> 1 | J42: =IFERROR(__xludf.DUMMYFUNCTION("""COMPUTED_VALUE"""),1.0) -> 1 | K42: =IFERROR(__xludf.DUMMYFUNCTION("""COMPUTED_VALUE"""),2.0) -> 2 | L42: =IFERROR(__xludf.DUMMYFUNCTION("""COMPUTED_VALUE"""),1.0) -> 1 | M42: =IFERROR(__xludf.DUMMYFUNCTION("""COMPUTED_VALUE"""),"Working") -> Working | N42: =IFERROR(__xludf.DUMMYFUNCTION("""COMPUTED_VALUE"""),"CORRECT") -> CORRECT | O42: =IFERROR(__xludf.DUMMYFUNCTION("""COMPUTED_VALUE"""),"CORRECT") -> CORRECT | P42: =IF(K42>I42,"Extra Theory Load Alloted","") -> Extra Theory Load Alloted | Q42: =IF(L42>J42,"Extra Lab Load Alloted","")
A43: 42 | B43: AM10176 | C43: Mrs | D43: SUDHA R | E43: =CONCATENATE(C43,".",D43) -> Mrs.SUDHA R | F43: Artificial Intelligence and Machine Learning | G43: Assistant Professor Level II | H43: sudha@bitsathy.ac.in | I43: =IFERROR(__xludf.DUMMYFUNCTION("QUERY(IMPORTRANGE(""https://docs.google.com/spreadsheets/d/1WWWnL0uEco2fCr2WvkXmt_9_Ox7wL_0CmzT8iuRp0aQ/edit?gid=1871111119#gid=1871111119"",""Details!A:X""),""SELECT Col8, Col9, Col10, Col11, Col12, Col13, Col14 WHERE Col2='""&B43&""'"",0)"),0.0) -> 0 | J43: =IFERROR(__xludf.DUMMYFUNCTION("""COMPUTED_VALUE"""),0.0) -> 0 | K43: =IFERROR(__xludf.DUMMYFUNCTION("""COMPUTED_VALUE"""),0.0) -> 0 | L43: =IFERROR(__xludf.DUMMYFUNCTION("""COMPUTED_VALUE"""),0.0) -> 0 | M43: =IFERROR(__xludf.DUMMYFUNCTION("""COMPUTED_VALUE"""),"Working") -> Working | N43: =IFERROR(__xludf.DUMMYFUNCTION("""COMPUTED_VALUE"""),"CORRECT") -> CORRECT | O43: =IFERROR(__xludf.DUMMYFUNCTION("""COMPUTED_VALUE"""),"CORRECT") -> CORRECT | P43: =IF(K43>I43,"Extra Theory Load Alloted","") | Q43: =IF(L43>J43,"Extra Lab Load Alloted","")
A44: 43 | B44: AM1025 | C44: Dr | D44: BHARATHI A | E44: =CONCATENATE(C44,".",D44) -> Dr.BHARATHI A | F44: Artificial Intelligence and Machine Learning | G44: Professor | H44: bharathia@bitsathy.ac.in | I44: =IFERROR(__xludf.DUMMYFUNCTION("QUERY(IMPORTRANGE(""https://docs.google.com/spreadsheets/d/1WWWnL0uEco2fCr2WvkXmt_9_Ox7wL_0CmzT8iuRp0aQ/edit?gid=1871111119#gid=1871111119"",""Details!A:X""),""SELECT Col8, Col9, Col10, Col11, Col12, Col13, Col14 WHERE Col2='""&B44&""'"",0)"),1.0) -> 1 | J44: =IFERROR(__xludf.DUMMYFUNCTION("""COMPUTED_VALUE"""),0.0) -> 0 | K44: =IFERROR(__xludf.DUMMYFUNCTION("""COMPUTED_VALUE"""),1.0) -> 1 | L44: =IFERROR(__xludf.DUMMYFUNCTION("""COMPUTED_VALUE"""),0.0) -> 0 | M44: =IFERROR(__xludf.DUMMYFUNCTION("""COMPUTED_VALUE"""),"Working") -> Working | N44: =IFERROR(__xludf.DUMMYFUNCTION("""COMPUTED_VALUE"""),"CORRECT") -> CORRECT | O44: =IFERROR(__xludf.DUMMYFUNCTION("""COMPUTED_VALUE"""),"CORRECT") -> CORRECT | P44: =IF(K44>I44,"Extra Theory Load Alloted","") | Q44: =IF(L44>J44,"Extra Lab Load Alloted","")
A45: 44 | B45: AM10795 | C45: Dr | D45: PADMASHREE A | E45: =CONCATENATE(C45,".",D45) -> Dr.PADMASHREE A | F45: Artificial Intelligence and Machine Learning | G45: Associate Professor | H45: padmashreea@bitsathy.ac.in | I45: =IFERROR(__xludf.DUMMYFUNCTION("QUERY(IMPORTRANGE(""https://docs.google.com/spreadsheets/d/1WWWnL0uEco2fCr2WvkXmt_9_Ox7wL_0CmzT8iuRp0aQ/edit?gid=1871111119#gid=1871111119"",""Details!A:X""),""SELECT Col8, Col9, Col10, Col11, Col12, Col13, Col14 WHERE Col2='""&B45&""'"",0)"),2.0) -> 2 | J45: =IFERROR(__xludf.DUMMYFUNCTION("""COMPUTED_VALUE"""),1.0) -> 1 | K45: =IFERROR(__xludf.DUMMYFUNCTION("""COMPUTED_VALUE"""),2.0) -> 2 | L45: =IFERROR(__xludf.DUMMYFUNCTION("""COMPUTED_VALUE"""),1.0) -> 1 | M45: =IFERROR(__xludf.DUMMYFUNCTION("""COMPUTED_VALUE"""),"Working") -> Working | N45: =IFERROR(__xludf.DUMMYFUNCTION("""COMPUTED_VALUE"""),"CORRECT") -> CORRECT | O45: =IFERROR(__xludf.DUMMYFUNCTION("""COMPUTED_VALUE"""),"CORRECT") -> CORRECT | P45: =IF(K45>I45,"Extra Theory Load Alloted","") | Q45: =IF(L45>J45,"Extra Lab Load Alloted","")
A46: 45 | B46: AM10907 | C46: Dr | D46: RAJASEKAR S S | E46: =CONCATENATE(C46,".",D46) -> Dr.RAJASEKAR S S | F46: Artificial Intelligence and Machine Learning | G46: Associate Professor | H46: rajasekarss@bitsathy.ac.in | I46: =IFERROR(__xludf.DUMMYFUNCTION("QUERY(IMPORTRANGE(""https://docs.google.com/spreadsheets/d/1WWWnL0uEco2fCr2WvkXmt_9_Ox7wL_0CmzT8iuRp0aQ/edit?gid=1871111119#gid=1871111119"",""Details!A:X""),""SELECT Col8, Col9, Col10, Col11, Col12, Col13, Col14 WHERE Col2='""&B46&""'"",0)"),2.0) -> 2 | J46: =IFERROR(__xludf.DUMMYFUNCTION("""COMPUTED_VALUE"""),1.0) -> 1 | K46: =IFERROR(__xludf.DUMMYFUNCTION("""COMPUTED_VALUE"""),2.0) -> 2 | L46: =IFERROR(__xludf.DUMMYFUNCTION("""COMPUTED_VALUE"""),1.0) -> 1 | M46: =IFERROR(__xludf.DUMMYFUNCTION("""COMPUTED_VALUE"""),"Working") -> Working | N46: =IFERROR(__xludf.DUMMYFUNCTION("""COMPUTED_VALUE"""),"CORRECT") -> CORRECT | O46: =IFERROR(__xludf.DUMMYFUNCTION("""COMPUTED_VALUE"""),"CORRECT") -> CORRECT | P46: =IF(K46>I46,"Extra Theory Load Alloted","") | Q46: =IF(L46>J46,"Extra Lab Load Alloted","")
A47: 46 | B47: AM10954 | C47: Mrs | D47: HARI PRIYA R | E47: =CONCATENATE(C47,".",D47) -> Mrs.HARI PRIYA R | F47: Artificial Intelligence and Machine Learning | G47: Assistant Professor Level II | H47: haripriyar@bitsathy.ac.in | I47: =IFERROR(__xludf.DUMMYFUNCTION("QUERY(IMPORTRANGE(""https://docs.google.com/spreadsheets/d/1WWWnL0uEco2fCr2WvkXmt_9_Ox7wL_0CmzT8iuRp0aQ/edit?gid=1871111119#gid=1871111119"",""Details!A:X""),""SELECT Col8, Col9, Col10, Col11, Col12, Col13, Col14 WHERE Col2='""&B47&""'"",0)"),1.0) -> 1 | J47: =IFERROR(__xludf.DUMMYFUNCTION("""COMPUTED_VALUE"""),0.0) -> 0 | K47: =IFERROR(__xludf.DUMMYFUNCTION("""COMPUTED_VALUE"""),1.0) -> 1 | L47: =IFERROR(__xludf.DUMMYFUNCTION("""COMPUTED_VALUE"""),0.0) -> 0 | M47: =IFERROR(__xludf.DUMMYFUNCTION("""COMPUTED_VALUE"""),"Working") -> Working | N47: =IFERROR(__xludf.DUMMYFUNCTION("""COMPUTED_VALUE"""),"CORRECT") -> CORRECT | O47: =IFERROR(__xludf.DUMMYFUNCTION("""COMPUTED_VALUE"""),"CORRECT") -> CORRECT | P47: =IF(K47>I47,"Extra Theory Load Alloted","") | Q47: =IF(L47>J47,"Extra Lab Load Alloted","")
A48: 47 | B48: AM10956 | C48: Ms | D48: KARTHIKA S | E48: =CONCATENATE(C48,".",D48) -> Ms.KARTHIKA S | F48: Artificial Intelligence and Machine Learning | G48: Assistant Professor Level I | H48: karthikas@bitsathy.ac.in | I48: =IFERROR(__xludf.DUMMYFUNCTION("QUERY(IMPORTRANGE(""https://docs.google.com/spreadsheets/d/1WWWnL0uEco2fCr2WvkXmt_9_Ox7wL_0CmzT8iuRp0aQ/edit?gid=1871111119#gid=1871111119"",""Details!A:X""),""SELECT Col8, Col9, Col10, Col11, Col12, Col13, Col14 WHERE Col2='""&B48&""'"",0)"),2.0) -> 2 | J48: =IFERROR(__xludf.DUMMYFUNCTION("""COMPUTED_VALUE"""),2.0) -> 2 | K48: =IFERROR(__xludf.DUMMYFUNCTION("""COMPUTED_VALUE"""),2.0) -> 2 | L48: =IFERROR(__xludf.DUMMYFUNCTION("""COMPUTED_VALUE"""),1.0) -> 1 | M48: =IFERROR(__xludf.DUMMYFUNCTION("""COMPUTED_VALUE"""),"Working") -> Working | N48: =IFERROR(__xludf.DUMMYFUNCTION("""COMPUTED_VALUE"""),"CORRECT") -> CORRECT | O48: =IFERROR(__xludf.DUMMYFUNCTION("""COMPUTED_VALUE"""),"LOAD PENDING") -> LOAD PENDING | P48: =IF(K48>I48,"Extra Theory Load Alloted","") | Q48: =IF(L48>J48,"Extra Lab Load Alloted","")
A49: 48 | B49: AM10971 | C49: Mr | D49: NITHIN P | E49: =CONCATENATE(C49,".",D49) -> Mr.NITHIN P | F49: Artificial Intelligence and Machine Learning | G49: Assistant Professor Level II | H49: nithinp@bitsathy.ac.in | I49: =IFERROR(__xludf.DUMMYFUNCTION("QUERY(IMPORTRANGE(""https://docs.google.com/spreadsheets/d/1WWWnL0uEco2fCr2WvkXmt_9_Ox7wL_0CmzT8iuRp0aQ/edit?gid=1871111119#gid=1871111119"",""Details!A:X""),""SELECT Col8, Col9, Col10, Col11, Col12, Col13, Col14 WHERE Col2='""&B49&""'"",0)"),2.0) -> 2 | J49: =IFERROR(__xludf.DUMMYFUNCTION("""COMPUTED_VALUE"""),2.0) -> 2 | K49: =IFERROR(__xludf.DUMMYFUNCTION("""COMPUTED_VALUE"""),2.0) -> 2 | L49: =IFERROR(__xludf.DUMMYFUNCTION("""COMPUTED_VALUE"""),1.0) -> 1 | M49: =IFERROR(__xludf.DUMMYFUNCTION("""COMPUTED_VALUE"""),"Working") -> Working | N49: =IFERROR(__xludf.DUMMYFUNCTION("""COMPUTED_VALUE"""),"CORRECT") -> CORRECT | O49: =IFERROR(__xludf.DUMMYFUNCTION("""COMPUTED_VALUE"""),"LOAD PENDING") -> LOAD PENDING | P49: =IF(K49>I49,"Extra Theory Load Alloted","") | Q49: =IF(L49>J49,"Extra Lab Load Alloted","")
A50: 49 | B50: AM11013 | C50: Mr | D50: SATHESHKUMAR K | E50: =CONCATENATE(C50,".",D50) -> Mr.SATHESHKUMAR K | F50: Artificial Intelligence and Machine Learning | G50: Assistant Professor Level II | H50: satheshkumar@bitsathy.ac.in | I50: =IFERROR(__xludf.DUMMYFUNCTION("QUERY(IMPORTRANGE(""https://docs.google.com/spreadsheets/d/1WWWnL0uEco2fCr2WvkXmt_9_Ox7wL_0CmzT8iuRp0aQ/edit?gid=1871111119#gid=1871111119"",""Details!A:X""),""SELECT Col8, Col9, Col10, Col11, Col12, Col13, Col14 WHERE Col2='""&B50&""'"",0)"),1.0) -> 1 | J50: =IFERROR(__xludf.DUMMYFUNCTION("""COMPUTED_VALUE"""),0.0) -> 0 | K50: =IFERROR(__xludf.DUMMYFUNCTION("""COMPUTED_VALUE"""),1.0) -> 1 | L50: =IFERROR(__xludf.DUMMYFUNCTION("""COMPUTED_VALUE"""),0.0) -> 0 | M50: =IFERROR(__xludf.DUMMYFUNCTION("""COMPUTED_VALUE"""),"Working") -> Working | N50: =IFERROR(__xludf.DUMMYFUNCTION("""COMPUTED_VALUE"""),"CORRECT") -> CORRECT | O50: =IFERROR(__xludf.DUMMYFUNCTION("""COMPUTED_VALUE"""),"CORRECT") -> CORRECT | P50: =IF(K50>I50,"Extra Theory Load Alloted","") | Q50: =IF(L50>J50,"Extra Lab Load Alloted","")
A51: 50 | B51: AM11039 | C51: Mrs | D51: EUGENE BERNA I | E51: =CONCATENATE(C51,".",D51) -> Mrs.EUGENE BERNA I | F51: Artificial Intelligence and Machine Learning | G51: Assistant Professor Level III | H51: eugenebernai@bitsathy.ac.in | I51: =IFERROR(__xludf.DUMMYFUNCTION("QUERY(IMPORTRANGE(""https://docs.google.com/spreadsheets/d/1WWWnL0uEco2fCr2WvkXmt_9_Ox7wL_0CmzT8iuRp0aQ/edit?gid=1871111119#gid=1871111119"",""Details!A:X""),""SELECT Col8, Col9, Col10, Col11, Col12, Col13, Col14 WHERE Col2='""&B51&""'"",0)"),1.0) -> 1 | J51: =IFERROR(__xludf.DUMMYFUNCTION("""COMPUTED_VALUE"""),0.0) -> 0 | K51: =IFERROR(__xludf.DUMMYFUNCTION("""COMPUTED_VALUE"""),1.0) -> 1 | L51: =IFERROR(__xludf.DUMMYFUNCTION("""COMPUTED_VALUE"""),0.0) -> 0 | M51: =IFERROR(__xludf.DUMMYFUNCTION("""COMPUTED_VALUE"""),"Working") -> Working | N51: =IFERROR(__xludf.DUMMYFUNCTION("""COMPUTED_VALUE"""),"CORRECT") -> CORRECT | O51: =IFERROR(__xludf.DUMMYFUNCTION("""COMPUTED_VALUE"""),"CORRECT") -> CORRECT | P51: =IF(K51>I51,"Extra Theory Load Alloted","") | Q51: =IF(L51>J51,"Extra Lab Load Alloted","")
A52: 51 | B52: AM11052 | C52: Ms | D52: MOHANAPRIYA K | E52: =CONCATENATE(C52,".",D52) -> Ms.MOHANAPRIYA K | F52: Artificial Intelligence and Machine Learning | G52: Assistant Professor Level I | H52: mohanapriyak@bitsathy.ac.in | I52: =IFERROR(__xludf.DUMMYFUNCTION("QUERY(IMPORTRANGE(""https://docs.google.com/spreadsheets/d/1WWWnL0uEco2fCr2WvkXmt_9_Ox7wL_0CmzT8iuRp0aQ/edit?gid=1871111119#gid=1871111119"",""Details!A:X""),""SELECT Col8, Col9, Col10, Col11, Col12, Col13, Col14 WHERE Col2='""&B52&""'"",0)"),2.0) -> 2 | J52: =IFERROR(__xludf.DUMMYFUNCTION("""COMPUTED_VALUE"""),2.0) -> 2 | K52: =IFERROR(__xludf.DUMMYFUNCTION("""COMPUTED_VALUE"""),2.0) -> 2 | L52: =IFERROR(__xludf.DUMMYFUNCTION("""COMPUTED_VALUE"""),1.0) -> 1 | M52: =IFERROR(__xludf.DUMMYFUNCTION("""COMPUTED_VALUE"""),"Working") -> Working | N52: =IFERROR(__xludf.DUMMYFUNCTION("""COMPUTED_VALUE"""),"CORRECT") -> CORRECT | O52: =IFERROR(__xludf.DUMMYFUNCTION("""COMPUTED_VALUE"""),"LOAD PENDING") -> LOAD PENDING | P52: =IF(K52>I52,"Extra Theory Load Alloted","") | Q52: =IF(L52>J52,"Extra Lab Load Alloted","")
A53: 52 | B53: AM11058 | C53: Mr | D53: BALAMURUGAN E | E53: =CONCATENATE(C53,".",D53) -> Mr.BALAMURUGAN E | F53: Artificial Intelligence and Machine Learning | G53: Assistant Professor Level II | H53: balamurugane@bitsathy.ac.in | I53: =IFERROR(__xludf.DUMMYFUNCTION("QUERY(IMPORTRANGE(""https://docs.google.com/spreadsheets/d/1WWWnL0uEco2fCr2WvkXmt_9_Ox7wL_0CmzT8iuRp0aQ/edit?gid=1871111119#gid=1871111119"",""Details!A:X""),""SELECT Col8, Col9, Col10, Col11, Col12, Col13, Col14 WHERE Col2='""&B53&""'"",0)"),1.0) -> 1 | J53: =IFERROR(__xludf.DUMMYFUNCTION("""COMPUTED_VALUE"""),0.0) -> 0 | K53: =IFERROR(__xludf.DUMMYFUNCTION("""COMPUTED_VALUE"""),1.0) -> 1 | L53: =IFERROR(__xludf.DUMMYFUNCTION("""COMPUTED_VALUE"""),0.0) -> 0 | M53: =IFERROR(__xludf.DUMMYFUNCTION("""COMPUTED_VALUE"""),"Working") -> Working | N53: =IFERROR(__xludf.DUMMYFUNCTION("""COMPUTED_VALUE"""),"CORRECT") -> CORRECT | O53: =IFERROR(__xludf.DUMMYFUNCTION("""COMPUTED_VALUE"""),"CORRECT") -> CORRECT | P53: =IF(K53>I53,"Extra Theory Load Alloted","") | Q53: =IF(L53>J53,"Extra Lab Load Alloted","")
A54: 53 | B54: AM11092 | C54: Ms | D54: KANIMOZHI A | E54: =CONCATENATE(C54,".",D54) -> Ms.KANIMOZHI A | F54: Artificial Intelligence and Machine Learning | G54: Assistant Professor Level I | H54: kanimozhi@bitsathy.ac.in | I54: =IFERROR(__xludf.DUMMYFUNCTION("QUERY(IMPORTRANGE(""https://docs.google.com/spreadsheets/d/1WWWnL0uEco2fCr2WvkXmt_9_Ox7wL_0CmzT8iuRp0aQ/edit?gid=1871111119#gid=1871111119"",""Details!A:X""),""SELECT Col8, Col9, Col10, Col11, Col12, Col13, Col14 WHERE Col2='""&B54&""'"",0)"),2.0) -> 2 | J54: =IFERROR(__xludf.DUMMYFUNCTION("""COMPUTED_VALUE"""),2.0) -> 2 | K54: =IFERROR(__xludf.DUMMYFUNCTION("""COMPUTED_VALUE"""),2.0) -> 2 | L54: =IFERROR(__xludf.DUMMYFUNCTION("""COMPUTED_VALUE"""),1.0) -> 1 | M54: =IFERROR(__xludf.DUMMYFUNCTION("""COMPUTED_VALUE"""),"Working") -> Working | N54: =IFERROR(__xludf.DUMMYFUNCTION("""COMPUTED_VALUE"""),"CORRECT") -> CORRECT | O54: =IFERROR(__xludf.DUMMYFUNCTION("""COMPUTED_VALUE"""),"LOAD PENDING") -> LOAD PENDING | P54: =IF(K54>I54,"Extra Theory Load Alloted","") | Q54: =IF(L54>J54,"Extra Lab Load Alloted","")
A55: 54 | B55: AM11095 | C55: Mrs | D55: GAYATHRIDEVI M | E55: =CONCATENATE(C55,".",D55) -> Mrs.GAYATHRIDEVI M | F55: Artificial Intelligence and Machine Learning | G55: Assistant Professor Level I | H55: gayathridevi@bitsathy.ac.in | I55: =IFERROR(__xludf.DUMMYFUNCTION("QUERY(IMPORTRANGE(""https://docs.google.com/spreadsheets/d/1WWWnL0uEco2fCr2WvkXmt_9_Ox7wL_0CmzT8iuRp0aQ/edit?gid=1871111119#gid=1871111119"",""Details!A:X""),""SELECT Col8, Col9, Col10, Col11, Col12, Col13, Col14 WHERE Col2='""&B55&""'"",0)"),2.0) -> 2 | J55: =IFERROR(__xludf.DUMMYFUNCTION("""COMPUTED_VALUE"""),2.0) -> 2 | K55: =IFERROR(__xludf.DUMMYFUNCTION("""COMPUTED_VALUE"""),2.0) -> 2 | L55: =IFERROR(__xludf.DUMMYFUNCTION("""COMPUTED_VALUE"""),1.0) -> 1 | M55: =IFERROR(__xludf.DUMMYFUNCTION("""COMPUTED_VALUE"""),"Working") -> Working | N55: =IFERROR(__xludf.DUMMYFUNCTION("""COMPUTED_VALUE"""),"CORRECT") -> CORRECT | O55: =IFERROR(__xludf.DUMMYFUNCTION("""COMPUTED_VALUE"""),"LOAD PENDING") -> LOAD PENDING | P55: =IF(K55>I55,"Extra Theory Load Alloted","") | Q55: =IF(L55>J55,"Extra Lab Load Alloted","")
A56: 55 | B56: AM11100 | C56: Ms | D56: NISHANTHINI S | E56: =CONCATENATE(C56,".",D56) -> Ms.NISHANTHINI S | F56: Artificial Intelligence and Machine Learning | G56: Assistant Professor Level I | H56: nishanthinis@bitsathy.ac.in | I56: =IFERROR(__xludf.DUMMYFUNCTION("QUERY(IMPORTRANGE(""https://docs.google.com/spreadsheets/d/1WWWnL0uEco2fCr2WvkXmt_9_Ox7wL_0CmzT8iuRp0aQ/edit?gid=1871111119#gid=1871111119"",""Details!A:X""),""SELECT Col8, Col9, Col10, Col11, Col12, Col13, Col14 WHERE Col2='""&B56&""'"",0)"),2.0) -> 2 | J56: =IFERROR(__xludf.DUMMYFUNCTION("""COMPUTED_VALUE"""),2.0) -> 2 | K56: =IFERROR(__xludf.DUMMYFUNCTION("""COMPUTED_VALUE"""),3.0) -> 3 | L56: =IFERROR(__xludf.DUMMYFUNCTION("""COMPUTED_VALUE"""),3.0) -> 3 | M56: =IFERROR(__xludf.DUMMYFUNCTION("""COMPUTED_VALUE"""),"Working") -> Working | N56: =IFERROR(__xludf.DUMMYFUNCTION("""COMPUTED_VALUE"""),"CORRECT") -> CORRECT | O56: =IFERROR(__xludf.DUMMYFUNCTION("""COMPUTED_VALUE"""),"CORRECT") -> CORRECT | P56: =IF(K56>I56,"Extra Theory Load Alloted","") -> Extra Theory Load Alloted | Q56: =IF(L56>J56,"Extra Lab Load Alloted","") -> Extra Lab Load Alloted
A57: 56 | B57: AM11110 | C57: Ms | D57: SASITHRA S | E57: =CONCATENATE(C57,".",D57) -> Ms.SASITHRA S | F57: Artificial Intelligence and Machine Learning | G57: Assistant Professor Level I | H57: sasithra@bitsathy.ac.in | I57: =IFERROR(__xludf.DUMMYFUNCTION("QUERY(IMPORTRANGE(""https://docs.google.com/spreadsheets/d/1WWWnL0uEco2fCr2WvkXmt_9_Ox7wL_0CmzT8iuRp0aQ/edit?gid=1871111119#gid=1871111119"",""Details!A:X""),""SELECT Col8, Col9, Col10, Col11, Col12, Col13, Col14 WHERE Col2='""&B57&""'"",0)"),1.0) -> 1 | J57: =IFERROR(__xludf.DUMMYFUNCTION("""COMPUTED_VALUE"""),0.0) -> 0 | K57: =IFERROR(__xludf.DUMMYFUNCTION("""COMPUTED_VALUE"""),1.0) -> 1 | L57: =IFERROR(__xludf.DUMMYFUNCTION("""COMPUTED_VALUE"""),0.0) -> 0 | M57: =IFERROR(__xludf.DUMMYFUNCTION("""COMPUTED_VALUE"""),"Working") -> Working | N57: =IFERROR(__xludf.DUMMYFUNCTION("""COMPUTED_VALUE"""),"CORRECT") -> CORRECT | O57: =IFERROR(__xludf.DUMMYFUNCTION("""COMPUTED_VALUE"""),"CORRECT") -> CORRECT | P57: =IF(K57>I57,"Extra Theory Load Alloted","") | Q57: =IF(L57>J57,"Extra Lab Load Alloted","")
A58: 57 | B58: AM11113 | C58: Mrs | D58: LOKESWARI P | E58: =CONCATENATE(C58,".",D58) -> Mrs.LOKESWARI P | F58: Artificial Intelligence and Machine Learning | G58: Assistant Professor Level I | H58: lokeswari@bitsathy.ac.in | I58: =IFERROR(__xludf.DUMMYFUNCTION("QUERY(IMPORTRANGE(""https://docs.google.com/spreadsheets/d/1WWWnL0uEco2fCr2WvkXmt_9_Ox7wL_0CmzT8iuRp0aQ/edit?gid=1871111119#gid=1871111119"",""Details!A:X""),""SELECT Col8, Col9, Col10, Col11, Col12, Col13, Col14 WHERE Col2='""&B58&""'"",0)"),2.0) -> 2 | J58: =IFERROR(__xludf.DUMMYFUNCTION("""COMPUTED_VALUE"""),2.0) -> 2 | K58: =IFERROR(__xludf.DUMMYFUNCTION("""COMPUTED_VALUE"""),2.0) -> 2 | L58: =IFERROR(__xludf.DUMMYFUNCTION("""COMPUTED_VALUE"""),1.0) -> 1 | M58: =IFERROR(__xludf.DUMMYFUNCTION("""COMPUTED_VALUE"""),"Working") -> Working | N58: =IFERROR(__xludf.DUMMYFUNCTION("""COMPUTED_VALUE"""),"CORRECT") -> CORRECT | O58: =IFERROR(__xludf.DUMMYFUNCTION("""COMPUTED_VALUE"""),"LOAD PENDING") -> LOAD PENDING | P58: =IF(K58>I58,"Extra Theory Load Alloted","") | Q58: =IF(L58>J58,"Extra Lab Load Alloted","")
A59: 58 | B59: AM11161 | C59: Dr | D59: KARTHIKEYAN G | E59: =CONCATENATE(C59,".",D59) -> Dr.KARTHIKEYAN G | F59: Artificial Intelligence and Machine Learning | G59: Assistant Professor Level III | H59: karthikeyang@bitsathy.ac.in | I59: =IFERROR(__xludf.DUMMYFUNCTION("QUERY(IMPORTRANGE(""https://docs.google.com/spreadsheets/d/1WWWnL0uEco2fCr2WvkXmt_9_Ox7wL_0CmzT8iuRp0aQ/edit?gid=1871111119#gid=1871111119"",""Details!A:X""),""SELECT Col8, Col9, Col10, Col11, Col12, Col13, Col14 WHERE Col2='""&B59&""'"",0)"),2.0) -> 2 | J59: =IFERROR(__xludf.DUMMYFUNCTION("""COMPUTED_VALUE"""),2.0) -> 2 | K59: =IFERROR(__xludf.DUMMYFUNCTION("""COMPUTED_VALUE"""),2.0) -> 2 | L59: =IFERROR(__xludf.DUMMYFUNCTION("""COMPUTED_VALUE"""),1.0) -> 1 | M59: =IFERROR(__xludf.DUMMYFUNCTION("""COMPUTED_VALUE"""),"Working") -> Working | N59: =IFERROR(__xludf.DUMMYFUNCTION("""COMPUTED_VALUE"""),"CORRECT") -> CORRECT | O59: =IFERROR(__xludf.DUMMYFUNCTION("""COMPUTED_VALUE"""),"LOAD PENDING") -> LOAD PENDING | P59: =IF(K59>I59,"Extra Theory Load Alloted","") | Q59: =IF(L59>J59,"Extra Lab Load Alloted","")
A60: 59 | B60: AM11166 | C60: Mrs | D60: SARANYA M K | E60: =CONCATENATE(C60,".",D60) -> Mrs.SARANYA M K | F60: Artificial Intelligence and Machine Learning | G60: Assistant Professor Level I | H60: saranyamk@bitsathy.ac.in | I60: =IFERROR(__xludf.DUMMYFUNCTION("QUERY(IMPORTRANGE(""https://docs.google.com/spreadsheets/d/1WWWnL0uEco2fCr2WvkXmt_9_Ox7wL_0CmzT8iuRp0aQ/edit?gid=1871111119#gid=1871111119"",""Details!A:X""),""SELECT Col8, Col9, Col10, Col11, Col12, Col13, Col14 WHERE Col2='""&B60&""'"",0)"),2.0) -> 2 | J60: =IFERROR(__xludf.DUMMYFUNCTION("""COMPUTED_VALUE"""),2.0) -> 2 | K60: =IFERROR(__xludf.DUMMYFUNCTION("""COMPUTED_VALUE"""),2.0) -> 2 | L60: =IFERROR(__xludf.DUMMYFUNCTION("""COMPUTED_VALUE"""),1.0) -> 1 | M60: =IFERROR(__xludf.DUMMYFUNCTION("""COMPUTED_VALUE"""),"Working") -> Working | N60: =IFERROR(__xludf.DUMMYFUNCTION("""COMPUTED_VALUE"""),"CORRECT") -> CORRECT | O60: =IFERROR(__xludf.DUMMYFUNCTION("""COMPUTED_VALUE"""),"LOAD PENDING") -> LOAD PENDING | P60: =IF(K60>I60,"Extra Theory Load Alloted","") | Q60: =IF(L60>J60,"Extra Lab Load Alloted","")
A61: 60 | B61: AM11168 | C61: Mrs | D61: SINDHUJAA N | E61: =CONCATENATE(C61,".",D61) -> Mrs.SINDHUJAA N | F61: Artificial Intelligence and Machine Learning | G61: Assistant Professor Level I | H61: sindhujaan@bitsathy.ac.in | I61: =IFERROR(__xludf.DUMMYFUNCTION("QUERY(IMPORTRANGE(""https://docs.google.com/spreadsheets/d/1WWWnL0uEco2fCr2WvkXmt_9_Ox7wL_0CmzT8iuRp0aQ/edit?gid=1871111119#gid=1871111119"",""Details!A:X""),""SELECT Col8, Col9, Col10, Col11, Col12, Col13, Col14 WHERE Col2='""&B61&""'"",0)"),2.0) -> 2 | J61: =IFERROR(__xludf.DUMMYFUNCTION("""COMPUTED_VALUE"""),2.0) -> 2 | K61: =IFERROR(__xludf.DUMMYFUNCTION("""COMPUTED_VALUE"""),0.0) -> 0 | L61: =IFERROR(__xludf.DUMMYFUNCTION("""COMPUTED_VALUE"""),0.0) -> 0 | M61: =IFERROR(__xludf.DUMMYFUNCTION("""COMPUTED_VALUE"""),"Working") -> Working | N61: =IFERROR(__xludf.DUMMYFUNCTION("""COMPUTED_VALUE"""),"LOAD PENDING") -> LOAD PENDING | O61: =IFERROR(__xludf.DUMMYFUNCTION("""COMPUTED_VALUE"""),"LOAD PENDING") -> LOAD PENDING | P61: =IF(K61>I61,"Extra Theory Load Alloted","") | Q61: =IF(L61>J61,"Extra Lab Load Alloted","")
A62: 61 | B62: AM1131 | C62: Dr | D62: GOPALAKRISHNAN B | E62: =CONCATENATE(C62,".",D62) -> Dr.GOPALAKRISHNAN B | F62: Artificial Intelligence and Machine Learning | G62: Professor | H62: gopalakrishnanb@bitsathy.ac.in | I62: =IFERROR(__xludf.DUMMYFUNCTION("QUERY(IMPORTRANGE(""https://docs.google.com/spreadsheets/d/1WWWnL0uEco2fCr2WvkXmt_9_Ox7wL_0CmzT8iuRp0aQ/edit?gid=1871111119#gid=1871111119"",""Details!A:X""),""SELECT Col8, Col9, Col10, Col11, Col12, Col13, Col14 WHERE Col2='""&B62&""'"",0)"),1.0) -> 1 | J62: =IFERROR(__xludf.DUMMYFUNCTION("""COMPUTED_VALUE"""),0.0) -> 0 | K62: =IFERROR(__xludf.DUMMYFUNCTION("""COMPUTED_VALUE"""),1.0) -> 1 | L62: =IFERROR(__xludf.DUMMYFUNCTION("""COMPUTED_VALUE"""),0.0) -> 0 | M62: =IFERROR(__xludf.DUMMYFUNCTION("""COMPUTED_VALUE"""),"Working") -> Working | N62: =IFERROR(__xludf.DUMMYFUNCTION("""COMPUTED_VALUE"""),"CORRECT") -> CORRECT | O62: =IFERROR(__xludf.DUMMYFUNCTION("""COMPUTED_VALUE"""),"CORRECT") -> CORRECT | P62: =IF(K62>I62,"Extra Theory Load Alloted","") | Q62: =IF(L62>J62,"Extra Lab Load Alloted","")
A63: 62 | B63: AM2241 | C63: Dr | D63: KODIESWARI A | E63: =CONCATENATE(C63,".",D63) -> Dr.KODIESWARI A | F63: Artificial Intelligence and Machine Learning | G63: Associate Professor | H63: kodieswaria@bitsathy.ac.in | I63: =IFERROR(__xludf.DUMMYFUNCTION("QUERY(IMPORTRANGE(""https://docs.google.com/spreadsheets/d/1WWWnL0uEco2fCr2WvkXmt_9_Ox7wL_0CmzT8iuRp0aQ/edit?gid=1871111119#gid=1871111119"",""Details!A:X""),""SELECT Col8, Col9, Col10, Col11, Col12, Col13, Col14 WHERE Col2='""&B63&""'"",0)"),2.0) -> 2 | J63: =IFERROR(__xludf.DUMMYFUNCTION("""COMPUTED_VALUE"""),1.0) -> 1 | K63: =IFERROR(__xludf.DUMMYFUNCTION("""COMPUTED_VALUE"""),2.0) -> 2 | L63: =IFERROR(__xludf.DUMMYFUNCTION("""COMPUTED_VALUE"""),1.0) -> 1 | M63: =IFERROR(__xludf.DUMMYFUNCTION("""COMPUTED_VALUE"""),"Working") -> Working | N63: =IFERROR(__xludf.DUMMYFUNCTION("""COMPUTED_VALUE"""),"CORRECT") -> CORRECT | O63: =IFERROR(__xludf.DUMMYFUNCTION("""COMPUTED_VALUE"""),"CORRECT") -> CORRECT | P63: =IF(K63>I63,"Extra Theory Load Alloted","") | Q63: =IF(L63>J63,"Extra Lab Load Alloted","")
A64: 63 | B64: AU10440 | C64: Mr | D64: TAMILSELVAN A | E64: =CONCATENATE(C64,".",D64) -> Mr.TAMILSELVAN A | F64: Automobile Engineering | G64: Assistant Professor Level III | H64: tamilselvan@bitsathy.ac.in | I64: =IFERROR(__xludf.DUMMYFUNCTION("QUERY(IMPORTRANGE(""https://docs.google.com/spreadsheets/d/1WWWnL0uEco2fCr2WvkXmt_9_Ox7wL_0CmzT8iuRp0aQ/edit?gid=1871111119#gid=1871111119"",""Details!A:X""),""SELECT Col8, Col9, Col10, Col11, Col12, Col13, Col14 WHERE Col2='""&B64&""'"",0)"),1.0) -> 1 | J64: =IFERROR(__xludf.DUMMYFUNCTION("""COMPUTED_VALUE"""),1.0) -> 1 | K64: =IFERROR(__xludf.DUMMYFUNCTION("""COMPUTED_VALUE"""),1.0) -> 1 | L64: =IFERROR(__xludf.DUMMYFUNCTION("""COMPUTED_VALUE"""),0.0) -> 0 | M64: =IFERROR(__xludf.DUMMYFUNCTION("""COMPUTED_VALUE"""),"Working") -> Working | N64: =IFERROR(__xludf.DUMMYFUNCTION("""COMPUTED_VALUE"""),"CORRECT") -> CORRECT | O64: =IFERROR(__xludf.DUMMYFUNCTION("""COMPUTED_VALUE"""),"LOAD PENDING") -> LOAD PENDING | P64: =IF(K64>I64,"Extra Theory Load Alloted","") | Q64: =IF(L64>J64,"Extra Lab Load Alloted","")
A65: 64 | B65: AU10645 | C65: Dr | D65: DHAYANEETHI S | E65: =CONCATENATE(C65,".",D65) -> Dr.DHAYANEETHI S | F65: Automobile Engineering | G65: Assistant Professor Level III | H65: dhayaneethi@bitsathy.ac.in | I65: =IFERROR(__xludf.DUMMYFUNCTION("QUERY(IMPORTRANGE(""https://docs.google.com/spreadsheets/d/1WWWnL0uEco2fCr2WvkXmt_9_Ox7wL_0CmzT8iuRp0aQ/edit?gid=1871111119#gid=1871111119"",""Details!A:X""),""SELECT Col8, Col9, Col10, Col11, Col12, Col13, Col14 WHERE Col2='""&B65&""'"",0)"),1.0) -> 1 | J65: =IFERROR(__xludf.DUMMYFUNCTION("""COMPUTED_VALUE"""),0.0) -> 0 | K65: =IFERROR(__xludf.DUMMYFUNCTION("""COMPUTED_VALUE"""),1.0) -> 1 | L65: =IFERROR(__xludf.DUMMYFUNCTION("""COMPUTED_VALUE"""),0.0) -> 0 | M65: =IFERROR(__xludf.DUMMYFUNCTION("""COMPUTED_VALUE"""),"Working") -> Working | N65: =IFERROR(__xludf.DUMMYFUNCTION("""COMPUTED_VALUE"""),"CORRECT") -> CORRECT | O65: =IFERROR(__xludf.DUMMYFUNCTION("""COMPUTED_VALUE"""),"CORRECT") -> CORRECT | P65: =IF(K65>I65,"Extra Theory Load Alloted","") | Q65: =IF(L65>J65,"Extra Lab Load Alloted","")
A66: 65 | B66: BM10939 | C66: Ms | D66: CAROLINE VINNETIA S | E66: =CONCATENATE(C66,".",D66) -> Ms.CAROLINE VINNETIA S | F66: Biomedical Engineering | G66: Assistant Professor Level II | H66: carolinevinnetias@bitsathy.ac.in | I66: =IFERROR(__xludf.DUMMYFUNCTION("QUERY(IMPORTRANGE(""https://docs.google.com/spreadsheets/d/1WWWnL0uEco2fCr2WvkXmt_9_Ox7wL_0CmzT8iuRp0aQ/edit?gid=1871111119#gid=1871111119"",""Details!A:X""),""SELECT Col8, Col9, Col10, Col11, Col12, Col13, Col14 WHERE Col2='""&B66&""'"",0)"),2.0) -> 2 | J66: =IFERROR(__xludf.DUMMYFUNCTION("""COMPUTED_VALUE"""),2.0) -> 2 | K66: =IFERROR(__xludf.DUMMYFUNCTION("""COMPUTED_VALUE"""),3.0) -> 3 | L66: =IFERROR(__xludf.DUMMYFUNCTION("""COMPUTED_VALUE"""),0.0) -> 0 | M66: =IFERROR(__xludf.DUMMYFUNCTION("""COMPUTED_VALUE"""),"Working") -> Working | N66: =IFERROR(__xludf.DUMMYFUNCTION("""COMPUTED_VALUE"""),"CORRECT") -> CORRECT | O66: =IFERROR(__xludf.DUMMYFUNCTION("""COMPUTED_VALUE"""),"LOAD PENDING") -> LOAD PENDING | P66: =IF(K66>I66,"Extra Theory Load Alloted","") -> Extra Theory Load Alloted | Q66: =IF(L66>J66,"Extra Lab Load Alloted","")
A67: 66 | B67: BM11066 | C67: Ms | D67: SAAHINA S | E67: =CONCATENATE(C67,".",D67) -> Ms.SAAHINA S | F67: Biomedical Engineering | G67: Assistant Professor Level I | H67: saahina@bitsathy.ac.in | I67: =IFERROR(__xludf.DUMMYFUNCTION("QUERY(IMPORTRANGE(""https://docs.google.com/spreadsheets/d/1WWWnL0uEco2fCr2WvkXmt_9_Ox7wL_0CmzT8iuRp0aQ/edit?gid=1871111119#gid=1871111119"",""Details!A:X""),""SELECT Col8, Col9, Col10, Col11, Col12, Col13, Col14 WHERE Col2='""&B67&""'"",0)"),2.0) -> 2 | J67: =IFERROR(__xludf.DUMMYFUNCTION("""COMPUTED_VALUE"""),2.0) -> 2 | K67: =IFERROR(__xludf.DUMMYFUNCTION("""COMPUTED_VALUE"""),2.0) -> 2 | L67: =IFERROR(__xludf.DUMMYFUNCTION("""COMPUTED_VALUE"""),1.0) -> 1 | M67: =IFERROR(__xludf.DUMMYFUNCTION("""COMPUTED_VALUE"""),"Working") -> Working | N67: =IFERROR(__xludf.DUMMYFUNCTION("""COMPUTED_VALUE"""),"CORRECT") -> CORRECT | O67: =IFERROR(__xludf.DUMMYFUNCTION("""COMPUTED_VALUE"""),"LOAD PENDING") -> LOAD PENDING | P67: =IF(K67>I67,"Extra Theory Load Alloted","") | Q67: =IF(L67>J67,"Extra Lab Load Alloted","")
A68: 67 | B68: BM11071 | C68: Mr | D68: SYED ALTHAF S | E68: =CONCATENATE(C68,".",D68) -> Mr.SYED ALTHAF S | F68: Biomedical Engineering | G68: Assistant Professor Level I | H68: syedalthaf@bitsathy.ac.in | I68: =IFERROR(__xludf.DUMMYFUNCTION("QUERY(IMPORTRANGE(""https://docs.google.com/spreadsheets/d/1WWWnL0uEco2fCr2WvkXmt_9_Ox7wL_0CmzT8iuRp0aQ/edit?gid=1871111119#gid=1871111119"",""Details!A:X""),""SELECT Col8, Col9, Col10, Col11, Col12, Col13, Col14 WHERE Col2='""&B68&""'"",0)"),2.0) -> 2 | J68: =IFERROR(__xludf.DUMMYFUNCTION("""COMPUTED_VALUE"""),2.0) -> 2 | K68: =IFERROR(__xludf.DUMMYFUNCTION("""COMPUTED_VALUE"""),2.0) -> 2 | L68: =IFERROR(__xludf.DUMMYFUNCTION("""COMPUTED_VALUE"""),1.0) -> 1 | M68: =IFERROR(__xludf.DUMMYFUNCTION("""COMPUTED_VALUE"""),"Working") -> Working | N68: =IFERROR(__xludf.DUMMYFUNCTION("""COMPUTED_VALUE"""),"CORRECT") -> CORRECT | O68: =IFERROR(__xludf.DUMMYFUNCTION("""COMPUTED_VALUE"""),"LOAD PENDING") -> LOAD PENDING | P68: =IF(K68>I68,"Extra Theory Load Alloted","") | Q68: =IF(L68>J68,"Extra Lab Load Alloted","")
A69: 68 | B69: BM11175 | C69: Ms | D69: SREENIVEATHA P | E69: =CONCATENATE(C69,".",D69) -> Ms.SREENIVEATHA P | F69: Biomedical Engineering | G69: Assistant Professor Level I | H69: sreeniveathap@bitsathy.ac.in | I69: =IFERROR(__xludf.DUMMYFUNCTION("QUERY(IMPORTRANGE(""https://docs.google.com/spreadsheets/d/1WWWnL0uEco2fCr2WvkXmt_9_Ox7wL_0CmzT8iuRp0aQ/edit?gid=1871111119#gid=1871111119"",""Details!A:X""),""SELECT Col8, Col9, Col10, Col11, Col12, Col13, Col14 WHERE Col2='""&B69&""'"",0)"),2.0) -> 2 | J69: =IFERROR(__xludf.DUMMYFUNCTION("""COMPUTED_VALUE"""),2.0) -> 2 | K69: =IFERROR(__xludf.DUMMYFUNCTION("""COMPUTED_VALUE"""),2.0) -> 2 | L69: =IFERROR(__xludf.DUMMYFUNCTION("""COMPUTED_VALUE"""),1.0) -> 1 | M69: =IFERROR(__xludf.DUMMYFUNCTION("""COMPUTED_VALUE"""),"Working") -> Working | N69: =IFERROR(__xludf.DUMMYFUNCTION("""COMPUTED_VALUE"""),"CORRECT") -> CORRECT | O69: =IFERROR(__xludf.DUMMYFUNCTION("""COMPUTED_VALUE"""),"LOAD PENDING") -> LOAD PENDING | P69: =IF(K69>I69,"Extra Theory Load Alloted","") | Q69: =IF(L69>J69,"Extra Lab Load Alloted","")
A70: 69 | B70: BM11176 | C70: Ms | D70: PRATHEEBHA G | E70: =CONCATENATE(C70,".",D70) -> Ms.PRATHEEBHA G | F70: Biomedical Engineering | G70: Assistant Professor Level I | H70: pratheebhag@bitsathy.ac.in | I70: =IFERROR(__xludf.DUMMYFUNCTION("QUERY(IMPORTRANGE(""https://docs.google.com/spreadsheets/d/1WWWnL0uEco2fCr2WvkXmt_9_Ox7wL_0CmzT8iuRp0aQ/edit?gid=1871111119#gid=1871111119"",""Details!A:X""),""SELECT Col8, Col9, Col10, Col11, Col12, Col13, Col14 WHERE Col2='""&B70&""'"",0)"),2.0) -> 2 | J70: =IFERROR(__xludf.DUMMYFUNCTION("""COMPUTED_VALUE"""),2.0) -> 2 | K70: =IFERROR(__xludf.DUMMYFUNCTION("""COMPUTED_VALUE"""),2.0) -> 2 | L70: =IFERROR(__xludf.DUMMYFUNCTION("""COMPUTED_VALUE"""),1.0) -> 1 | M70: =IFERROR(__xludf.DUMMYFUNCTION("""COMPUTED_VALUE"""),"Working") -> Working | N70: =IFERROR(__xludf.DUMMYFUNCTION("""COMPUTED_VALUE"""),"CORRECT") -> CORRECT | O70: =IFERROR(__xludf.DUMMYFUNCTION("""COMPUTED_VALUE"""),"LOAD PENDING") -> LOAD PENDING | P70: =IF(K70>I70,"Extra Theory Load Alloted","") | Q70: =IF(L70>J70,"Extra Lab Load Alloted","")
A71: 70 | B71: BM1429 | C71: Dr | D71: DEEPA D | E71: =CONCATENATE(C71,".",D71) -> Dr.DEEPA D | F71: Biomedical Engineering | G71: Professor | H71: ddeepa@bitsathy.ac.in | I71: =IFERROR(__xludf.DUMMYFUNCTION("QUERY(IMPORTRANGE(""https://docs.google.com/spreadsheets/d/1WWWnL0uEco2fCr2WvkXmt_9_Ox7wL_0CmzT8iuRp0aQ/edit?gid=1871111119#gid=1871111119"",""Details!A:X""),""SELECT Col8, Col9, Col10, Col11, Col12, Col13, Col14 WHERE Col2='""&B71&""'"",0)"),0.0) -> 0 | J71: =IFERROR(__xludf.DUMMYFUNCTION("""COMPUTED_VALUE"""),0.0) -> 0 | K71: =IFERROR(__xludf.DUMMYFUNCTION("""COMPUTED_VALUE"""),1.0) -> 1 | L71: =IFERROR(__xludf.DUMMYFUNCTION("""COMPUTED_VALUE"""),0.0) -> 0 | M71: =IFERROR(__xludf.DUMMYFUNCTION("""COMPUTED_VALUE"""),"Working") -> Working | N71: =IFERROR(__xludf.DUMMYFUNCTION("""COMPUTED_VALUE"""),"CORRECT") -> CORRECT | O71: =IFERROR(__xludf.DUMMYFUNCTION("""COMPUTED_VALUE"""),"CORRECT") -> CORRECT | P71: =IF(K71>I71,"Extra Theory Load Alloted","") -> Extra Theory Load Alloted | Q71: =IF(L71>J71,"Extra Lab Load Alloted","")
A72: 71 | B72: BT10375 | C72: Dr | D72: ASHWIN RAJ S | E72: =CONCATENATE(C72,".",D72) -> Dr.ASHWIN RAJ S | F72: Biotechnology | G72: Assistant Professor Level III | H72: ashwinraj@bitsathy.ac.in | I72: =IFERROR(__xludf.DUMMYFUNCTION("QUERY(IMPORTRANGE(""https://docs.google.com/spreadsheets/d/1WWWnL0uEco2fCr2WvkXmt_9_Ox7wL_0CmzT8iuRp0aQ/edit?gid=1871111119#gid=1871111119"",""Details!A:X""),""SELECT Col8, Col9, Col10, Col11, Col12, Col13, Col14 WHERE Col2='""&B72&""'"",0)"),2.0) -> 2 | J72: =IFERROR(__xludf.DUMMYFUNCTION("""COMPUTED_VALUE"""),2.0) -> 2 | K72: =IFERROR(__xludf.DUMMYFUNCTION("""COMPUTED_VALUE"""),2.0) -> 2 | L72: =IFERROR(__xludf.DUMMYFUNCTION("""COMPUTED_VALUE"""),1.0) -> 1 | M72: =IFERROR(__xludf.DUMMYFUNCTION("""COMPUTED_VALUE"""),"Working") -> Working | N72: =IFERROR(__xludf.DUMMYFUNCTION("""COMPUTED_VALUE"""),"CORRECT") -> CORRECT | O72: =IFERROR(__xludf.DUMMYFUNCTION("""COMPUTED_VALUE"""),"LOAD PENDING") -> LOAD PENDING | P72: =IF(K72>I72,"Extra Theory Load Alloted","") | Q72: =IF(L72>J72,"Extra Lab Load Alloted","")
A73: 72 | B73: BT10708 | C73: Mr | D73: RAJASEETHARAMA S | E73: =CONCATENATE(C73,".",D73) -> Mr.RAJASEETHARAMA S | F73: Biotechnology | G73: Assistant Professor Level II | H73: rajaseetharama@bitsathy.ac.in | I73: =IFERROR(__xludf.DUMMYFUNCTION("QUERY(IMPORTRANGE(""https://docs.google.com/spreadsheets/d/1WWWnL0uEco2fCr2WvkXmt_9_Ox7wL_0CmzT8iuRp0aQ/edit?gid=1871111119#gid=1871111119"",""Details!A:X""),""SELECT Col8, Col9, Col10, Col11, Col12, Col13, Col14 WHERE Col2='""&B73&""'"",0)"),1.0) -> 1 | J73: =IFERROR(__xludf.DUMMYFUNCTION("""COMPUTED_VALUE"""),0.0) -> 0 | K73: =IFERROR(__xludf.DUMMYFUNCTION("""COMPUTED_VALUE"""),1.0) -> 1 | L73: =IFERROR(__xludf.DUMMYFUNCTION("""COMPUTED_VALUE"""),0.0) -> 0 | M73: =IFERROR(__xludf.DUMMYFUNCTION("""COMPUTED_VALUE"""),"Working") -> Working | N73: =IFERROR(__xludf.DUMMYFUNCTION("""COMPUTED_VALUE"""),"CORRECT") -> CORRECT | O73: =IFERROR(__xludf.DUMMYFUNCTION("""COMPUTED_VALUE"""),"CORRECT") -> CORRECT | P73: =IF(K73>I73,"Extra Theory Load Alloted","") | Q73: =IF(L73>J73,"Extra Lab Load Alloted","")
A74: 73 | B74: BT10733 | C74: Ms | D74: SWATHI G | E74: =CONCATENATE(C74,".",D74) -> Ms.SWATHI G | F74: Biotechnology | G74: Assistant Professor Level I | H74: swathi@bitsathy.ac.in | I74: =IFERROR(__xludf.DUMMYFUNCTION("QUERY(IMPORTRANGE(""https://docs.google.com/spreadsheets/d/1WWWnL0uEco2fCr2WvkXmt_9_Ox7wL_0CmzT8iuRp0aQ/edit?gid=1871111119#gid=1871111119"",""Details!A:X""),""SELECT Col8, Col9, Col10, Col11, Col12, Col13, Col14 WHERE Col2='""&B74&""'"",0)"),"") | K74: =IFERROR(__xludf.DUMMYFUNCTION("""COMPUTED_VALUE"""),2.0) -> 2 | L74: =IFERROR(__xludf.DUMMYFUNCTION("""COMPUTED_VALUE"""),0.0) -> 0 | M74: =IFERROR(__xludf.DUMMYFUNCTION("""COMPUTED_VALUE"""),"Working") -> Working | N74: =IFERROR(__xludf.DUMMYFUNCTION("""COMPUTED_VALUE"""),"#N/A") -> #N/A | O74: =IFERROR(__xludf.DUMMYFUNCTION("""COMPUTED_VALUE"""),"CORRECT") -> CORRECT | P74: =IF(K74>I74,"Extra Theory Load Alloted","") -> Extra Theory Load Alloted | Q74: =IF(L74>J74,"Extra Lab Load Alloted","")
A75: 74 | B75: BT10782 | C75: Mr | D75: JEYAVEL KARTHICK P | E75: =CONCATENATE(C75,".",D75) -> Mr.JEYAVEL KARTHICK P | F75: Biotechnology | G75: Assistant Professor Level II | H75: jeyavelkarthick@bitsathy.ac.in | I75: =IFERROR(__xludf.DUMMYFUNCTION("QUERY(IMPORTRANGE(""https://docs.google.com/spreadsheets/d/1WWWnL0uEco2fCr2WvkXmt_9_Ox7wL_0CmzT8iuRp0aQ/edit?gid=1871111119#gid=1871111119"",""Details!A:X""),""SELECT Col8, Col9, Col10, Col11, Col12, Col13, Col14 WHERE Col2='""&B75&""'"",0)"),2.0) -> 2 | J75: =IFERROR(__xludf.DUMMYFUNCTION("""COMPUTED_VALUE"""),2.0) -> 2 | K75: =IFERROR(__xludf.DUMMYFUNCTION("""COMPUTED_VALUE"""),2.0) -> 2 | L75: =IFERROR(__xludf.DUMMYFUNCTION("""COMPUTED_VALUE"""),1.0) -> 1 | M75: =IFERROR(__xludf.DUMMYFUNCTION("""COMPUTED_VALUE"""),"Working") -> Working | N75: =IFERROR(__xludf.DUMMYFUNCTION("""COMPUTED_VALUE"""),"CORRECT") -> CORRECT | O75: =IFERROR(__xludf.DUMMYFUNCTION("""COMPUTED_VALUE"""),"LOAD PENDING") -> LOAD PENDING | P75: =IF(K75>I75,"Extra Theory Load Alloted","") | Q75: =IF(L75>J75,"Extra Lab Load Alloted","")
A76: 75 | B76: BT10950 | C76: Ms | D76: DHIVYA DHARSHINI U | E76: =CONCATENATE(C76,".",D76) -> Ms.DHIVYA DHARSHINI U | F76: Biotechnology | G76: Assistant Professor Level I | H76: dhivyadharshiniu@bitsathy.ac.in | I76: =IFERROR(__xludf.DUMMYFUNCTION("QUERY(IMPORTRANGE(""https://docs.google.com/spreadsheets/d/1WWWnL0uEco2fCr2WvkXmt_9_Ox7wL_0CmzT8iuRp0aQ/edit?gid=1871111119#gid=1871111119"",""Details!A:X""),""SELECT Col8, Col9, Col10, Col11, Col12, Col13, Col14 WHERE Col2='""&B76&""'"",0)"),2.0) -> 2 | J76: =IFERROR(__xludf.DUMMYFUNCTION("""COMPUTED_VALUE"""),2.0) -> 2 | K76: =IFERROR(__xludf.DUMMYFUNCTION("""COMPUTED_VALUE"""),2.0) -> 2 | L76: =IFERROR(__xludf.DUMMYFUNCTION("""COMPUTED_VALUE"""),1.0) -> 1 | M76: =IFERROR(__xludf.DUMMYFUNCTION("""COMPUTED_VALUE"""),"Working") -> Working | N76: =IFERROR(__xludf.DUMMYFUNCTION("""COMPUTED_VALUE"""),"CORRECT") -> CORRECT | O76: =IFERROR(__xludf.DUMMYFUNCTION("""COMPUTED_VALUE"""),"LOAD PENDING") -> LOAD PENDING | P76: =IF(K76>I76,"Extra Theory Load Alloted","") | Q76: =IF(L76>J76,"Extra Lab Load Alloted","")
A77: 76 | B77: BT10978 | C77: Mrs | D77: SAKTHISHOBANA K | E77: =CONCATENATE(C77,".",D77) -> Mrs.SAKTHISHOBANA K | F77: Biotechnology | G77: Assistant Professor Level II | H77: sakthishobanak@bitsathy.ac.in | I77: =IFERROR(__xludf.DUMMYFUNCTION("QUERY(IMPORTRANGE(""https://docs.google.com/spreadsheets/d/1WWWnL0uEco2fCr2WvkXmt_9_Ox7wL_0CmzT8iuRp0aQ/edit?gid=1871111119#gid=1871111119"",""Details!A:X""),""SELECT Col8, Col9, Col10, Col11, Col12, Col13, Col14 WHERE Col2='""&B77&""'"",0)"),2.0) -> 2 | J77: =IFERROR(__xludf.DUMMYFUNCTION("""COMPUTED_VALUE"""),2.0) -> 2 | K77: =IFERROR(__xludf.DUMMYFUNCTION("""COMPUTED_VALUE"""),2.0) -> 2 | L77: =IFERROR(__xludf.DUMMYFUNCTION("""COMPUTED_VALUE"""),1.0) -> 1 | M77: =IFERROR(__xludf.DUMMYFUNCTION("""COMPUTED_VALUE"""),"Working") -> Working | N77: =IFERROR(__xludf.DUMMYFUNCTION("""COMPUTED_VALUE"""),"CORRECT") -> CORRECT | O77: =IFERROR(__xludf.DUMMYFUNCTION("""COMPUTED_VALUE"""),"LOAD PENDING") -> LOAD PENDING | P77: =IF(K77>I77,"Extra Theory Load Alloted","") | Q77: =IF(L77>J77,"Extra Lab Load Alloted","")
A78: 77 | B78: BT10984 | C78: Mrs | D78: MAHIMA P | E78: =CONCATENATE(C78,".",D78) -> Mrs.MAHIMA P | F78: Biotechnology | G78: Assistant Professor Level I | H78: mahimap@bitsathy.ac.in | I78: =IFERROR(__xludf.DUMMYFUNCTION("QUERY(IMPORTRANGE(""https://docs.google.com/spreadsheets/d/1WWWnL0uEco2fCr2WvkXmt_9_Ox7wL_0CmzT8iuRp0aQ/edit?gid=1871111119#gid=1871111119"",""Details!A:X""),""SELECT Col8, Col9, Col10, Col11, Col12, Col13, Col14 WHERE Col2='""&B78&""'"",0)"),2.0) -> 2 | J78: =IFERROR(__xludf.DUMMYFUNCTION("""COMPUTED_VALUE"""),2.0) -> 2 | K78: =IFERROR(__xludf.DUMMYFUNCTION("""COMPUTED_VALUE"""),2.0) -> 2 | L78: =IFERROR(__xludf.DUMMYFUNCTION("""COMPUTED_VALUE"""),1.0) -> 1 | M78: =IFERROR(__xludf.DUMMYFUNCTION("""COMPUTED_VALUE"""),"Working") -> Working | N78: =IFERROR(__xludf.DUMMYFUNCTION("""COMPUTED_VALUE"""),"CORRECT") -> CORRECT | O78: =IFERROR(__xludf.DUMMYFUNCTION("""COMPUTED_VALUE"""),"LOAD PENDING") -> LOAD PENDING | P78: =IF(K78>I78,"Extra Theory Load Alloted","") | Q78: =IF(L78>J78,"Extra Lab Load Alloted","")
A79: 78 | B79: BT10988 | C79: Dr | D79: SANDHYARANI R | E79: =CONCATENATE(C79,".",D79) -> Dr.SANDHYARANI R | F79: Biotechnology | G79: Assistant Professor Level III | H79: sandhyaranir@bitsathy.ac.in | I79: =IFERROR(__xludf.DUMMYFUNCTION("QUERY(IMPORTRANGE(""https://docs.google.com/spreadsheets/d/1WWWnL0uEco2fCr2WvkXmt_9_Ox7wL_0CmzT8iuRp0aQ/edit?gid=1871111119#gid=1871111119"",""Details!A:X""),""SELECT Col8, Col9, Col10, Col11, Col12, Col13, Col14 WHERE Col2='""&B79&""'"",0)"),2.0) -> 2 | J79: =IFERROR(__xludf.DUMMYFUNCTION("""COMPUTED_VALUE"""),2.0) -> 2 | K79: =IFERROR(__xludf.DUMMYFUNCTION("""COMPUTED_VALUE"""),1.0) -> 1 | L79: =IFERROR(__xludf.DUMMYFUNCTION("""COMPUTED_VALUE"""),0.0) -> 0 | M79: =IFERROR(__xludf.DUMMYFUNCTION("""COMPUTED_VALUE"""),"Working") -> Working | N79: =IFERROR(__xludf.DUMMYFUNCTION("""COMPUTED_VALUE"""),"LOAD PENDING") -> LOAD PENDING | O79: =IFERROR(__xludf.DUMMYFUNCTION("""COMPUTED_VALUE"""),"LOAD PENDING") -> LOAD PENDING | P79: =IF(K79>I79,"Extra Theory Load Alloted","") | Q79: =IF(L79>J79,"Extra Lab Load Alloted","")
A80: 79 | B80: BT10991 | C80: Mr | D80: BALAJI S | E80: =CONCATENATE(C80,".",D80) -> Mr.BALAJI S | F80: Biotechnology | G80: Assistant Professor Level II | H80: balajisadhasivam@bitsathy.ac.in | I80: =IFERROR(__xludf.DUMMYFUNCTION("QUERY(IMPORTRANGE(""https://docs.google.com/spreadsheets/d/1WWWnL0uEco2fCr2WvkXmt_9_Ox7wL_0CmzT8iuRp0aQ/edit?gid=1871111119#gid=1871111119"",""Details!A:X""),""SELECT Col8, Col9, Col10, Col11, Col12, Col13, Col14 WHERE Col2='""&B80&""'"",0)"),1.0) -> 1 | J80: =IFERROR(__xludf.DUMMYFUNCTION("""COMPUTED_VALUE"""),0.0) -> 0 | K80: =IFERROR(__xludf.DUMMYFUNCTION("""COMPUTED_VALUE"""),1.0) -> 1 | L80: =IFERROR(__xludf.DUMMYFUNCTION("""COMPUTED_VALUE"""),0.0) -> 0 | M80: =IFERROR(__xludf.DUMMYFUNCTION("""COMPUTED_VALUE"""),"Working") -> Working | N80: =IFERROR(__xludf.DUMMYFUNCTION("""COMPUTED_VALUE"""),"CORRECT") -> CORRECT | O80: =IFERROR(__xludf.DUMMYFUNCTION("""COMPUTED_VALUE"""),"CORRECT") -> CORRECT | P80: =IF(K80>I80,"Extra Theory Load Alloted","") | Q80: =IF(L80>J80,"Extra Lab Load Alloted","")
A81: 80 | B81: BT11033 | C81: Dr | D81: SURESH CHALUVADI | E81: =CONCATENATE(C81,".",D81) -> Dr.SURESH CHALUVADI | F81: Biotechnology | G81: Assistant Professor Level II | H81: sureshchaluvadi@bitsathy.ac.in | I81: =IFERROR(__xludf.DUMMYFUNCTION("QUERY(IMPORTRANGE(""https://docs.google.com/spreadsheets/d/1WWWnL0uEco2fCr2WvkXmt_9_Ox7wL_0CmzT8iuRp0aQ/edit?gid=1871111119#gid=1871111119"",""Details!A:X""),""SELECT Col8, Col9, Col10, Col11, Col12, Col13, Col14 WHERE Col2='""&B81&""'"",0)"),2.0) -> 2 | J81: =IFERROR(__xludf.DUMMYFUNCTION("""COMPUTED_VALUE"""),2.0) -> 2 | K81: =IFERROR(__xludf.DUMMYFUNCTION("""COMPUTED_VALUE"""),2.0) -> 2 | L81: =IFERROR(__xludf.DUMMYFUNCTION("""COMPUTED_VALUE"""),1.0) -> 1 | M81: =IFERROR(__xludf.DUMMYFUNCTION("""COMPUTED_VALUE"""),"Working") -> Working | N81: =IFERROR(__xludf.DUMMYFUNCTION("""COMPUTED_VALUE"""),"CORRECT") -> CORRECT | O81: =IFERROR(__xludf.DUMMYFUNCTION("""COMPUTED_VALUE"""),"LOAD PENDING") -> LOAD PENDING | P81: =IF(K81>I81,"Extra Theory Load Alloted","") | Q81: =IF(L81>J81,"Extra Lab Load Alloted","")
A82: 81 | B82: BT11035 | C82: Ms | D82: NANDHINI N | E82: =CONCATENATE(C82,".",D82) -> Ms.NANDHINI N | F82: Biotechnology | G82: Assistant Professor Level I | H82: nandhinin@bitsathy.ac.in | I82: =IFERROR(__xludf.DUMMYFUNCTION("QUERY(IMPORTRANGE(""https://docs.google.com/spreadsheets/d/1WWWnL0uEco2fCr2WvkXmt_9_Ox7wL_0CmzT8iuRp0aQ/edit?gid=1871111119#gid=1871111119"",""Details!A:X""),""SELECT Col8, Col9, Col10, Col11, Col12, Col13, Col14 WHERE Col2='""&B82&""'"",0)"),2.0) -> 2 | J82: =IFERROR(__xludf.DUMMYFUNCTION("""COMPUTED_VALUE"""),2.0) -> 2 | K82: =IFERROR(__xludf.DUMMYFUNCTION("""COMPUTED_VALUE"""),2.0) -> 2 | L82: =IFERROR(__xludf.DUMMYFUNCTION("""COMPUTED_VALUE"""),1.0) -> 1 | M82: =IFERROR(__xludf.DUMMYFUNCTION("""COMPUTED_VALUE"""),"Working") -> Working | N82: =IFERROR(__xludf.DUMMYFUNCTION("""COMPUTED_VALUE"""),"CORRECT") -> CORRECT | O82: =IFERROR(__xludf.DUMMYFUNCTION("""COMPUTED_VALUE"""),"LOAD PENDING") -> LOAD PENDING | P82: =IF(K82>I82,"Extra Theory Load Alloted","") | Q82: =IF(L82>J82,"Extra Lab Load Alloted","")
A83: 82 | B83: BT11050 | C83: Mrs | D83: VINODHINI R T | E83: =CONCATENATE(C83,".",D83) -> Mrs.VINODHINI R T | F83: Biotechnology | G83: Assistant Professor Level I | H83: vinodhinirt@bitsathy.ac.in | I83: =IFERROR(__xludf.DUMMYFUNCTION("QUERY(IMPORTRANGE(""https://docs.google.com/spreadsheets/d/1WWWnL0uEco2fCr2WvkXmt_9_Ox7wL_0CmzT8iuRp0aQ/edit?gid=1871111119#gid=1871111119"",""Details!A:X""),""SELECT Col8, Col9, Col10, Col11, Col12, Col13, Col14 WHERE Col2='""&B83&""'"",0)"),2.0) -> 2 | J83: =IFERROR(__xludf.DUMMYFUNCTION("""COMPUTED_VALUE"""),2.0) -> 2 | K83: =IFERROR(__xludf.DUMMYFUNCTION("""COMPUTED_VALUE"""),2.0) -> 2 | L83: =IFERROR(__xludf.DUMMYFUNCTION("""COMPUTED_VALUE"""),1.0) -> 1 | M83: =IFERROR(__xludf.DUMMYFUNCTION("""COMPUTED_VALUE"""),"Working") -> Working | N83: =IFERROR(__xludf.DUMMYFUNCTION("""COMPUTED_VALUE"""),"CORRECT") -> CORRECT | O83: =IFERROR(__xludf.DUMMYFUNCTION("""COMPUTED_VALUE"""),"LOAD PENDING") -> LOAD PENDING | P83: =IF(K83>I83,"Extra Theory Load Alloted","") | Q83: =IF(L83>J83,"Extra Lab Load Alloted","")
A84: 83 | B84: BT11134 | C84: Dr | D84: SARANYA S | E84: =CONCATENATE(C84,".",D84) -> Dr.SARANYA S | F84: Biotechnology | G84: Assistant Professor Level II | H84: saranya@bitsathy.ac.in | I84: =IFERROR(__xludf.DUMMYFUNCTION("QUERY(IMPORTRANGE(""https://docs.google.com/spreadsheets/d/1WWWnL0uEco2fCr2WvkXmt_9_Ox7wL_0CmzT8iuRp0aQ/edit?gid=1871111119#gid=1871111119"",""Details!A:X""),""SELECT Col8, Col9, Col10, Col11, Col12, Col13, Col14 WHERE Col2='""&B84&""'"",0)"),1.0) -> 1 | J84: =IFERROR(__xludf.DUMMYFUNCTION("""COMPUTED_VALUE"""),1.0) -> 1 | K84: =IFERROR(__xludf.DUMMYFUNCTION("""COMPUTED_VALUE"""),1.0) -> 1 | L84: =IFERROR(__xludf.DUMMYFUNCTION("""COMPUTED_VALUE"""),1.0) -> 1 | M84: =IFERROR(__xludf.DUMMYFUNCTION("""COMPUTED_VALUE"""),"Working") -> Working | N84: =IFERROR(__xludf.DUMMYFUNCTION("""COMPUTED_VALUE"""),"CORRECT") -> CORRECT | O84: =IFERROR(__xludf.DUMMYFUNCTION("""COMPUTED_VALUE"""),"CORRECT") -> CORRECT | P84: =IF(K84>I84,"Extra Theory Load Alloted","") | Q84: =IF(L84>J84,"Extra Lab Load Alloted","")
A85: 84 | B85: BT11198 | C85: Mrs | D85: SHANKARI V | E85: =CONCATENATE(C85,".",D85) -> Mrs.SHANKARI V | F85: Biotechnology | G85: Assistant Professor Level I | H85: shankariv@bitsathy.ac.in | I85: =IFERROR(__xludf.DUMMYFUNCTION("QUERY(IMPORTRANGE(""https://docs.google.com/spreadsheets/d/1WWWnL0uEco2fCr2WvkXmt_9_Ox7wL_0CmzT8iuRp0aQ/edit?gid=1871111119#gid=1871111119"",""Details!A:X""),""SELECT Col8, Col9, Col10, Col11, Col12, Col13, Col14 WHERE Col2='""&B85&""'"",0)"),"") | K85: =IFERROR(__xludf.DUMMYFUNCTION("""COMPUTED_VALUE"""),1.0) -> 1 | L85: =IFERROR(__xludf.DUMMYFUNCTION("""COMPUTED_VALUE"""),1.0) -> 1 | M85: =IFERROR(__xludf.DUMMYFUNCTION("""COMPUTED_VALUE"""),"Working") -> Working | N85: =IFERROR(__xludf.DUMMYFUNCTION("""COMPUTED_VALUE"""),"#N/A") -> #N/A | O85: =IFERROR(__xludf.DUMMYFUNCTION("""COMPUTED_VALUE"""),"CORRECT") -> CORRECT | P85: =IF(K85>I85,"Extra Theory Load Alloted","") -> Extra Theory Load Alloted | Q85: =IF(L85>J85,"Extra Lab Load Alloted","") -> Extra Lab Load Alloted
A86: 85 | B86: BT1388 | C86: Dr | D86: KANNAN K P | E86: =CONCATENATE(C86,".",D86) -> Dr.KANNAN K P | F86: Biotechnology | G86: Professor | H86: kannankp@bitsathy.ac.in | I86: =IFERROR(__xludf.DUMMYFUNCTION("QUERY(IMPORTRANGE(""https://docs.google.com/spreadsheets/d/1WWWnL0uEco2fCr2WvkXmt_9_Ox7wL_0CmzT8iuRp0aQ/edit?gid=1871111119#gid=1871111119"",""Details!A:X""),""SELECT Col8, Col9, Col10, Col11, Col12, Col13, Col14 WHERE Col2='""&B86&""'"",0)"),1.0) -> 1 | J86: =IFERROR(__xludf.DUMMYFUNCTION("""COMPUTED_VALUE"""),1.0) -> 1 | K86: =IFERROR(__xludf.DUMMYFUNCTION("""COMPUTED_VALUE"""),1.0) -> 1 | L86: =IFERROR(__xludf.DUMMYFUNCTION("""COMPUTED_VALUE"""),1.0) -> 1 | M86: =IFERROR(__xludf.DUMMYFUNCTION("""COMPUTED_VALUE"""),"Working") -> Working | N86: =IFERROR(__xludf.DUMMYFUNCTION("""COMPUTED_VALUE"""),"CORRECT") -> CORRECT | O86: =IFERROR(__xludf.DUMMYFUNCTION("""COMPUTED_VALUE"""),"CORRECT") -> CORRECT | P86: =IF(K86>I86,"Extra Theory Load Alloted","") | Q86: =IF(L86>J86,"Extra Lab Load Alloted","")
A87: 86 | B87: BT1477 | C87: Dr | D87: TAMILSELVI S | E87: =CONCATENATE(C87,".",D87) -> Dr.TAMILSELVI S | F87: Biotechnology | G87: Professor | H87: tamilselvis@bitsathy.ac.in | I87: =IFERROR(__xludf.DUMMYFUNCTION("QUERY(IMPORTRANGE(""https://docs.google.com/spreadsheets/d/1WWWnL0uEco2fCr2WvkXmt_9_Ox7wL_0CmzT8iuRp0aQ/edit?gid=1871111119#gid=1871111119"",""Details!A:X""),""SELECT Col8, Col9, Col10, Col11, Col12, Col13, Col14 WHERE Col2='""&B87&""'"",0)"),1.0) -> 1 | J87: =IFERROR(__xludf.DUMMYFUNCTION("""COMPUTED_VALUE"""),1.0) -> 1 | K87: =IFERROR(__xludf.DUMMYFUNCTION("""COMPUTED_VALUE"""),1.0) -> 1 | L87: =IFERROR(__xludf.DUMMYFUNCTION("""COMPUTED_VALUE"""),1.0) -> 1 | M87: =IFERROR(__xludf.DUMMYFUNCTION("""COMPUTED_VALUE"""),"Working") -> Working | N87: =IFERROR(__xludf.DUMMYFUNCTION("""COMPUTED_VALUE"""),"CORRECT") -> CORRECT | O87: =IFERROR(__xludf.DUMMYFUNCTION("""COMPUTED_VALUE"""),"CORRECT") -> CORRECT | P87: =IF(K87>I87,"Extra Theory Load Alloted","") | Q87: =IF(L87>J87,"Extra Lab Load Alloted","")
A88: 87 | B88: BT1606 | C88: Dr | D88: BALAKRISHNARAJA R | E88: =CONCATENATE(C88,".",D88) -> Dr.BALAKRISHNARAJA R | F88: Biotechnology | G88: Professor | H88: balakrishnarajar@bitsathy.ac.in | I88: =IFERROR(__xludf.DUMMYFUNCTION("QUERY(IMPORTRANGE(""https://docs.google.com/spreadsheets/d/1WWWnL0uEco2fCr2WvkXmt_9_Ox7wL_0CmzT8iuRp0aQ/edit?gid=1871111119#gid=1871111119"",""Details!A:X""),""SELECT Col8, Col9, Col10, Col11, Col12, Col13, Col14 WHERE Col2='""&B88&""'"",0)"),1.0) -> 1 | J88: =IFERROR(__xludf.DUMMYFUNCTION("""COMPUTED_VALUE"""),0.0) -> 0 | K88: =IFERROR(__xludf.DUMMYFUNCTION("""COMPUTED_VALUE"""),1.0) -> 1 | L88: =IFERROR(__xludf.DUMMYFUNCTION("""COMPUTED_VALUE"""),0.0) -> 0 | M88: =IFERROR(__xludf.DUMMYFUNCTION("""COMPUTED_VALUE"""),"Working") -> Working | N88: =IFERROR(__xludf.DUMMYFUNCTION("""COMPUTED_VALUE"""),"CORRECT") -> CORRECT | O88: =IFERROR(__xludf.DUMMYFUNCTION("""COMPUTED_VALUE"""),"CORRECT") -> CORRECT | P88: =IF(K88>I88,"Extra Theory Load Alloted","") | Q88: =IF(L88>J88,"Extra Lab Load Alloted","")
A89: 88 | B89: BT1849 | C89: Dr | D89: KIRUPA SANKAR M | E89: =CONCATENATE(C89,".",D89) -> Dr.KIRUPA SANKAR M | F89: Biotechnology | G89: Associate Professor | H89: kirupasankarm@bitsathy.ac.in | I89: =IFERROR(__xludf.DUMMYFUNCTION("QUERY(IMPORTRANGE(""https://docs.google.com/spreadsheets/d/1WWWnL0uEco2fCr2WvkXmt_9_Ox7wL_0CmzT8iuRp0aQ/edit?gid=1871111119#gid=1871111119"",""Details!A:X""),""SELECT Col8, Col9, Col10, Col11, Col12, Col13, Col14 WHERE Col2='""&B89&""'"",0)"),2.0) -> 2 | J89: =IFERROR(__xludf.DUMMYFUNCTION("""COMPUTED_VALUE"""),1.0) -> 1 | K89: =IFERROR(__xludf.DUMMYFUNCTION("""COMPUTED_VALUE"""),2.0) -> 2 | L89: =IFERROR(__xludf.DUMMYFUNCTION("""COMPUTED_VALUE"""),1.0) -> 1 | M89: =IFERROR(__xludf.DUMMYFUNCTION("""COMPUTED_VALUE"""),"Working") -> Working | N89: =IFERROR(__xludf.DUMMYFUNCTION("""COMPUTED_VALUE"""),"CORRECT") -> CORRECT | O89: =IFERROR(__xludf.DUMMYFUNCTION("""COMPUTED_VALUE"""),"CORRECT") -> CORRECT | P89: =IF(K89>I89,"Extra Theory Load Alloted","") | Q89: =IF(L89>J89,"Extra Lab Load Alloted","")
A90: 89 | B90: BT1930 | C90: Dr | D90: PAVITHRA MKS | E90: =CONCATENATE(C90,".",D90) -> Dr.PAVITHRA MKS | F90: Biotechnology | G90: Associate Professor | H90: pavithramks@bitsathy.ac.in | I90: =IFERROR(__xludf.DUMMYFUNCTION("QUERY(IMPORTRANGE(""https://docs.google.com/spreadsheets/d/1WWWnL0uEco2fCr2WvkXmt_9_Ox7wL_0CmzT8iuRp0aQ/edit?gid=1871111119#gid=1871111119"",""Details!A:X""),""SELECT Col8, Col9, Col10, Col11, Col12, Col13, Col14 WHERE Col2='""&B90&""'"",0)"),2.0) -> 2 | J90: =IFERROR(__xludf.DUMMYFUNCTION("""COMPUTED_VALUE"""),1.0) -> 1 | K90: =IFERROR(__xludf.DUMMYFUNCTION("""COMPUTED_VALUE"""),2.0) -> 2 | L90: =IFERROR(__xludf.DUMMYFUNCTION("""COMPUTED_VALUE"""),1.0) -> 1 | M90: =IFERROR(__xludf.DUMMYFUNCTION("""COMPUTED_VALUE"""),"Working") -> Working | N90: =IFERROR(__xludf.DUMMYFUNCTION("""COMPUTED_VALUE"""),"CORRECT") -> CORRECT | O90: =IFERROR(__xludf.DUMMYFUNCTION("""COMPUTED_VALUE"""),"CORRECT") -> CORRECT | P90: =IF(K90>I90,"Extra Theory Load Alloted","") | Q90: =IF(L90>J90,"Extra Lab Load Alloted","")
A91: 90 | B91: CB10791 | C91: Mr | D91: CHANDRU K S | E91: =CONCATENATE(C91,".",D91) -> Mr.CHANDRU K S | F91: Computer Science and Business Systems | G91: Assistant Professor Level III | H91: chandruks@bitsathy.ac.in | I91: =IFERROR(__xludf.DUMMYFUNCTION("QUERY(IMPORTRANGE(""https://docs.google.com/spreadsheets/d/1WWWnL0uEco2fCr2WvkXmt_9_Ox7wL_0CmzT8iuRp0aQ/edit?gid=1871111119#gid=1871111119"",""Details!A:X""),""SELECT Col8, Col9, Col10, Col11, Col12, Col13, Col14 WHERE Col2='""&B91&""'"",0)"),2.0) -> 2 | J91: =IFERROR(__xludf.DUMMYFUNCTION("""COMPUTED_VALUE"""),2.0) -> 2 | K91: =IFERROR(__xludf.DUMMYFUNCTION("""COMPUTED_VALUE"""),2.0) -> 2 | L91: =IFERROR(__xludf.DUMMYFUNCTION("""COMPUTED_VALUE"""),1.0) -> 1 | M91: =IFERROR(__xludf.DUMMYFUNCTION("""COMPUTED_VALUE"""),"Working") -> Working | N91: =IFERROR(__xludf.DUMMYFUNCTION("""COMPUTED_VALUE"""),"CORRECT") -> CORRECT | O91: =IFERROR(__xludf.DUMMYFUNCTION("""COMPUTED_VALUE"""),"LOAD PENDING") -> LOAD PENDING | P91: =IF(K91>I91,"Extra Theory Load Alloted","") | Q91: =IF(L91>J91,"Extra Lab Load Alloted","")
A92: 91 | B92: CB10890 | C92: Ms | D92: YUVALATHA S | E92: =CONCATENATE(C92,".",D92) -> Ms.YUVALATHA S | F92: Computer Science and Business Systems | G92: Assistant Professor Level III | H92: yuvalathas@bitsathy.ac.in | I92: =IFERROR(__xludf.DUMMYFUNCTION("QUERY(IMPORTRANGE(""https://docs.google.com/spreadsheets/d/1WWWnL0uEco2fCr2WvkXmt_9_Ox7wL_0CmzT8iuRp0aQ/edit?gid=1871111119#gid=1871111119"",""Details!A:X""),""SELECT Col8, Col9, Col10, Col11, Col12, Col13, Col14 WHERE Col2='""&B92&""'"",0)"),2.0) -> 2 | J92: =IFERROR(__xludf.DUMMYFUNCTION("""COMPUTED_VALUE"""),2.0) -> 2 | K92: =IFERROR(__xludf.DUMMYFUNCTION("""COMPUTED_VALUE"""),1.0) -> 1 | L92: =IFERROR(__xludf.DUMMYFUNCTION("""COMPUTED_VALUE"""),0.0) -> 0 | M92: =IFERROR(__xludf.DUMMYFUNCTION("""COMPUTED_VALUE"""),"Working") -> Working | N92: =IFERROR(__xludf.DUMMYFUNCTION("""COMPUTED_VALUE"""),"LOAD PENDING") -> LOAD PENDING | O92: =IFERROR(__xludf.DUMMYFUNCTION("""COMPUTED_VALUE"""),"LOAD PENDING") -> LOAD PENDING | P92: =IF(K92>I92,"Extra Theory Load Alloted","") | Q92: =IF(L92>J92,"Extra Lab Load Alloted","")
A93: 92 | B93: CB10949 | C93: Mrs | D93: MADHUMITHA A | E93: =CONCATENATE(C93,".",D93) -> Mrs.MADHUMITHA A | F93: Computer Science and Business Systems | G93: Assistant Professor Level I | H93: madhumithaa@bitsathy.ac.in | I93: =IFERROR(__xludf.DUMMYFUNCTION("QUERY(IMPORTRANGE(""https://docs.google.com/spreadsheets/d/1WWWnL0uEco2fCr2WvkXmt_9_Ox7wL_0CmzT8iuRp0aQ/edit?gid=1871111119#gid=1871111119"",""Details!A:X""),""SELECT Col8, Col9, Col10, Col11, Col12, Col13, Col14 WHERE Col2='""&B93&""'"",0)"),2.0) -> 2 | J93: =IFERROR(__xludf.DUMMYFUNCTION("""COMPUTED_VALUE"""),2.0) -> 2 | K93: =IFERROR(__xludf.DUMMYFUNCTION("""COMPUTED_VALUE"""),2.0) -> 2 | L93: =IFERROR(__xludf.DUMMYFUNCTION("""COMPUTED_VALUE"""),2.0) -> 2 | M93: =IFERROR(__xludf.DUMMYFUNCTION("""COMPUTED_VALUE"""),"Working") -> Working | N93: =IFERROR(__xludf.DUMMYFUNCTION("""COMPUTED_VALUE"""),"CORRECT") -> CORRECT | O93: =IFERROR(__xludf.DUMMYFUNCTION("""COMPUTED_VALUE"""),"CORRECT") -> CORRECT | P93: =IF(K93>I93,"Extra Theory Load Alloted","") | Q93: =IF(L93>J93,"Extra Lab Load Alloted","")
A94: 93 | B94: CB10992 | C94: Mrs | D94: SARANYA N | E94: =CONCATENATE(C94,".",D94) -> Mrs.SARANYA N | F94: Computer Science and Business Systems | G94: Assistant Professor Level I | H94: saranyanj@bitsathy.ac.in | I94: =IFERROR(__xludf.DUMMYFUNCTION("QUERY(IMPORTRANGE(""https://docs.google.com/spreadsheets/d/1WWWnL0uEco2fCr2WvkXmt_9_Ox7wL_0CmzT8iuRp0aQ/edit?gid=1871111119#gid=1871111119"",""Details!A:X""),""SELECT Col8, Col9, Col10, Col11, Col12, Col13, Col14 WHERE Col2='""&B94&""'"",0)"),2.0) -> 2 | J94: =IFERROR(__xludf.DUMMYFUNCTION("""COMPUTED_VALUE"""),2.0) -> 2 | K94: =IFERROR(__xludf.DUMMYFUNCTION("""COMPUTED_VALUE"""),2.0) -> 2 | L94: =IFERROR(__xludf.DUMMYFUNCTION("""COMPUTED_VALUE"""),1.0) -> 1 | M94: =IFERROR(__xludf.DUMMYFUNCTION("""COMPUTED_VALUE"""),"Working") -> Working | N94: =IFERROR(__xludf.DUMMYFUNCTION("""COMPUTED_VALUE"""),"CORRECT") -> CORRECT | O94: =IFERROR(__xludf.DUMMYFUNCTION("""COMPUTED_VALUE"""),"LOAD PENDING") -> LOAD PENDING | P94: =IF(K94>I94,"Extra Theory Load Alloted","") | Q94: =IF(L94>J94,"Extra Lab Load Alloted","")
A95: 94 | B95: CB11107 | C95: Ms | D95: NAVEENYA B P | E95: =CONCATENATE(C95,".",D95) -> Ms.NAVEENYA B P | F95: Computer Science and Business Systems | G95: Assistant Professor Level I | H95: naveenya@bitsathy.ac.in | I95: =IFERROR(__xludf.DUMMYFUNCTION("QUERY(IMPORTRANGE(""https://docs.google.com/spreadsheets/d/1WWWnL0uEco2fCr2WvkXmt_9_Ox7wL_0CmzT8iuRp0aQ/edit?gid=1871111119#gid=1871111119"",""Details!A:X""),""SELECT Col8, Col9, Col10, Col11, Col12, Col13, Col14 WHERE Col2='""&B95&""'"",0)"),2.0) -> 2 | J95: =IFERROR(__xludf.DUMMYFUNCTION("""COMPUTED_VALUE"""),2.0) -> 2 | K95: =IFERROR(__xludf.DUMMYFUNCTION("""COMPUTED_VALUE"""),0.0) -> 0 | L95: =IFERROR(__xludf.DUMMYFUNCTION("""COMPUTED_VALUE"""),0.0) -> 0 | M95: =IFERROR(__xludf.DUMMYFUNCTION("""COMPUTED_VALUE"""),"Working") -> Working | N95: =IFERROR(__xludf.DUMMYFUNCTION("""COMPUTED_VALUE"""),"LOAD PENDING") -> LOAD PENDING | O95: =IFERROR(__xludf.DUMMYFUNCTION("""COMPUTED_VALUE"""),"LOAD PENDING") -> LOAD PENDING | P95: =IF(K95>I95,"Extra Theory Load Alloted","") | Q95: =IF(L95>J95,"Extra Lab Load Alloted","")
A96: 95 | B96: CB11145 | C96: Mrs | D96: DIVYA S | E96: =CONCATENATE(C96,".",D96) -> Mrs.DIVYA S | F96: Computer Science and Business Systems | G96: Assistant Professor Level I | H96: divyaks@bitsathy.ac.in | I96: =IFERROR(__xludf.DUMMYFUNCTION("QUERY(IMPORTRANGE(""https://docs.google.com/spreadsheets/d/1WWWnL0uEco2fCr2WvkXmt_9_Ox7wL_0CmzT8iuRp0aQ/edit?gid=1871111119#gid=1871111119"",""Details!A:X""),""SELECT Col8, Col9, Col10, Col11, Col12, Col13, Col14 WHERE Col2='""&B96&""'"",0)"),"") | K96: =IFERROR(__xludf.DUMMYFUNCTION("""COMPUTED_VALUE"""),2.0) -> 2 | L96: =IFERROR(__xludf.DUMMYFUNCTION("""COMPUTED_VALUE"""),1.0) -> 1 | M96: =IFERROR(__xludf.DUMMYFUNCTION("""COMPUTED_VALUE"""),"Working") -> Working | N96: =IFERROR(__xludf.DUMMYFUNCTION("""COMPUTED_VALUE"""),"#N/A") -> #N/A | O96: =IFERROR(__xludf.DUMMYFUNCTION("""COMPUTED_VALUE"""),"CORRECT") -> CORRECT | P96: =IF(K96>I96,"Extra Theory Load Alloted","") -> Extra Theory Load Alloted | Q96: =IF(L96>J96,"Extra Lab Load Alloted","") -> Extra Lab Load Alloted
A97: 96 | B97: CB11170 | C97: Ms | D97: VAISHNAVI N | E97: =CONCATENATE(C97,".",D97) -> Ms.VAISHNAVI N | F97: Computer Science and Business Systems | G97: Assistant Professor Level I | H97: vaishnavin@bitsathy.ac.in | I97: =IFERROR(__xludf.DUMMYFUNCTION("QUERY(IMPORTRANGE(""https://docs.google.com/spreadsheets/d/1WWWnL0uEco2fCr2WvkXmt_9_Ox7wL_0CmzT8iuRp0aQ/edit?gid=1871111119#gid=1871111119"",""Details!A:X""),""SELECT Col8, Col9, Col10, Col11, Col12, Col13, Col14 WHERE Col2='""&B97&""'"",0)"),2.0) -> 2 | J97: =IFERROR(__xludf.DUMMYFUNCTION("""COMPUTED_VALUE"""),2.0) -> 2 | K97: =IFERROR(__xludf.DUMMYFUNCTION("""COMPUTED_VALUE"""),2.0) -> 2 | L97: =IFERROR(__xludf.DUMMYFUNCTION("""COMPUTED_VALUE"""),1.0) -> 1 | M97: =IFERROR(__xludf.DUMMYFUNCTION("""COMPUTED_VALUE"""),"Working") -> Working | N97: =IFERROR(__xludf.DUMMYFUNCTION("""COMPUTED_VALUE"""),"CORRECT") -> CORRECT | O97: =IFERROR(__xludf.DUMMYFUNCTION("""COMPUTED_VALUE"""),"LOAD PENDING") -> LOAD PENDING | P97: =IF(K97>I97,"Extra Theory Load Alloted","") | Q97: =IF(L97>J97,"Extra Lab Load Alloted","")
A98: 97 | B98: CB11172 | C98: Mr | D98: PRABAKAR S J | E98: =CONCATENATE(C98,".",D98) -> Mr.PRABAKAR S J | F98: Computer Science and Business Systems | G98: Assistant Professor Level I | H98: prabakar@bitsathy.ac.in | I98: =IFERROR(__xludf.DUMMYFUNCTION("QUERY(IMPORTRANGE(""https://docs.google.com/spreadsheets/d/1WWWnL0uEco2fCr2WvkXmt_9_Ox7wL_0CmzT8iuRp0aQ/edit?gid=1871111119#gid=1871111119"",""Details!A:X""),""SELECT Col8, Col9, Col10, Col11, Col12, Col13, Col14 WHERE Col2='""&B98&""'"",0)"),0.0) -> 0 | J98: =IFERROR(__xludf.DUMMYFUNCTION("""COMPUTED_VALUE"""),0.0) -> 0 | K98: =IFERROR(__xludf.DUMMYFUNCTION("""COMPUTED_VALUE"""),0.0) -> 0 | L98: =IFERROR(__xludf.DUMMYFUNCTION("""COMPUTED_VALUE"""),0.0) -> 0 | M98: =IFERROR(__xludf.DUMMYFUNCTION("""COMPUTED_VALUE"""),"Working") -> Working | N98: =IFERROR(__xludf.DUMMYFUNCTION("""COMPUTED_VALUE"""),"CORRECT") -> CORRECT | O98: =IFERROR(__xludf.DUMMYFUNCTION("""COMPUTED_VALUE"""),"CORRECT") -> CORRECT | P98: =IF(K98>I98,"Extra Theory Load Alloted","") | Q98: =IF(L98>J98,"Extra Lab Load Alloted","")
A99: 98 | B99: CD11061 | C99: Mrs | D99: PREETHIMATHI L | E99: =CONCATENATE(C99,".",D99) -> Mrs.PREETHIMATHI L | F99: Computer Science and Design | G99: Assistant Professor Level I | H99: preethimathi@bitsathy.ac.in | I99: =IFERROR(__xludf.DUMMYFUNCTION("QUERY(IMPORTRANGE(""https://docs.google.com/spreadsheets/d/1WWWnL0uEco2fCr2WvkXmt_9_Ox7wL_0CmzT8iuRp0aQ/edit?gid=1871111119#gid=1871111119"",""Details!A:X""),""SELECT Col8, Col9, Col10, Col11, Col12, Col13, Col14 WHERE Col2='""&B99&""'"",0)"),2.0) -> 2 | J99: =IFERROR(__xludf.DUMMYFUNCTION("""COMPUTED_VALUE"""),2.0) -> 2 | K99: =IFERROR(__xludf.DUMMYFUNCTION("""COMPUTED_VALUE"""),2.0) -> 2 | L99: =IFERROR(__xludf.DUMMYFUNCTION("""COMPUTED_VALUE"""),1.0) -> 1 | M99: =IFERROR(__xludf.DUMMYFUNCTION("""COMPUTED_VALUE"""),"Working") -> Working | N99: =IFERROR(__xludf.DUMMYFUNCTION("""COMPUTED_VALUE"""),"CORRECT") -> CORRECT | O99: =IFERROR(__xludf.DUMMYFUNCTION("""COMPUTED_VALUE"""),"LOAD PENDING") -> LOAD PENDING | P99: =IF(K99>I99,"Extra Theory Load Alloted","") | Q99: =IF(L99>J99,"Extra Lab Load Alloted","")
A100: 99 | B100: CD11062 | C100: Mr | D100: MAHESHKUMAR K | E100: =CONCATENATE(C100,".",D100) -> Mr.MAHESHKUMAR K | F100: Computer Science and Design | G100: Assistant Professor Level II | H100: maheshkumar@bitsathy.ac.in | I100: =IFERROR(__xludf.DUMMYFUNCTION("QUERY(IMPORTRANGE(""https://docs.google.com/spreadsheets/d/1WWWnL0uEco2fCr2WvkXmt_9_Ox7wL_0CmzT8iuRp0aQ/edit?gid=1871111119#gid=1871111119"",""Details!A:X""),""SELECT Col8, Col9, Col10, Col11, Col12, Col13, Col14 WHERE Col2='""&B100&""'"",0)"),1.0) -> 1 | J100: =IFERROR(__xludf.DUMMYFUNCTION("""COMPUTED_VALUE"""),0.0) -> 0 | K100: =IFERROR(__xludf.DUMMYFUNCTION("""COMPUTED_VALUE"""),0.0) -> 0 | L100: =IFERROR(__xludf.DUMMYFUNCTION("""COMPUTED_VALUE"""),0.0) -> 0 | M100: =IFERROR(__xludf.DUMMYFUNCTION("""COMPUTED_VALUE"""),"Working") -> Working | N100: =IFERROR(__xludf.DUMMYFUNCTION("""COMPUTED_VALUE"""),"LOAD PENDING") -> LOAD PENDING | O100: =IFERROR(__xludf.DUMMYFUNCTION("""COMPUTED_VALUE"""),"CORRECT") -> CORRECT | P100: =IF(K100>I100,"Extra Theory Load Alloted","") | Q100: =IF(L100>J100,"Extra Lab Load Alloted","")
...

Sheet AGRI
A1: Sl No | B1: Dept. | C1: Semester | D1: Course Type | E1: Course Code | F1: Course Name | G1: Course Nature | H1: L | I1: T | J1: P | K1: C | L1: Faculty ID (ME1880) | M1: Faculty Name | N1: Mail ID
A2: {=SEQUENCE(COUNTA(B2:B31),1)} -> 1 | B2: AGRI | C2: S2 | D2: CORE | E2: 22MA201 | F2: ENGINEERING MATHEMATICS II | G2: THEORY | H2: 3 | I2: 1 | J2: 0 | K2: 4 | L2: MA10071 | M2: =IFNA(VLOOKUP(L2,'Faculty Details'!$B:$H,4,0),"") -> Mrs.PREETHA R | N2: =IFNA(VLOOKUP(L2,'Faculty Details'!$B:$H,7,0),"") -> preetha@bitsathy.ac.in
A3: 2 | B3: AGRI | C3: S2 | D3: CORE | E3: 22PH202 | F3: ELECTROMAGNETISM AND MODERN PHYSICS | G3: THEORY WITH LAB | H3: 2 | I3: 0 | J3: 2 | K3: 3 | L3: PH11015 | M3: =IFNA(VLOOKUP(L3,'Faculty Details'!$B:$H,4,0),"") -> Dr.GOPI G | N3: =IFNA(VLOOKUP(L3,'Faculty Details'!$B:$H,7,0),"") -> gopi@bitsathy.ac.in
A4: 3 | B4: AGRI | C4: S2 | D4: CORE | E4: 22CH203 | F4: ENGINEERING CHEMISTRY II | G4: THEORY WITH LAB | H4: 2 | I4: 0 | J4: 2 | K4: 3 | L4: CH11057 | M4: =IFNA(VLOOKUP(L4,'Faculty Details'!$B:$H,4,0),"") -> Dr.KARUPPUSAMY S | N4: =IFNA(VLOOKUP(L4,'Faculty Details'!$B:$H,7,0),"") -> karuppusamys@bitsathy.ac.in
A5: 4 | B5: AGRI | C5: S2 | D5: CORE | E5: 22GE002 | F5: COMPUTATIONAL PROBLEM SOLVING | G5: THEORY | H5: 3 | I5: 0 | J5: 0 | K5: 3 | L5: CS11119 | M5: =IFNA(VLOOKUP(L5,'Faculty Details'!$B:$H,4,0),"") -> Ms.PARKAVI S | N5: =IFNA(VLOOKUP(L5,'Faculty Details'!$B:$H,7,0),"") -> parkavi@bitsathy.ac.in
A6: 5 | B6: AGRI | C6: S2 | D6: CORE | E6: 22GE004 | F6: BASICS OF ELECTRONICS ENGINEERING | G6: THEORY WITH LAB | H6: 2 | I6: 0 | J6: 2 | K6: 3 | L6: EC11131 | M6: =IFNA(VLOOKUP(L6,'Faculty Details'!$B:$H,4,0),"") -> Dr.SANKARANANTH S | N6: =IFNA(VLOOKUP(L6,'Faculty Details'!$B:$H,7,0),"") -> sankarananth@bitsathy.ac.in
A7: 6 | B7: AGRI | C7: S2 | D7: CORE | E7: 22HS002 | F7: STARTUP MANAGEMENT | G7: LAB | H7: 1 | I7: 0 | J7: 2 | K7: 2 | L7: AG11083 | M7: =IFNA(VLOOKUP(L7,'Faculty Details'!$B:$H,4,0),"") -> Dr.RAGHUL S | N7: =IFNA(VLOOKUP(L7,'Faculty Details'!$B:$H,7,0),"") -> raghul@bitsathy.ac.in
A8: 7 | B8: AGRI | C8: S2 | D8: CORE | E8: 22HS006 | F8: தமிழரும் ததொழில்நுட்பமும்/TAMILS AND TECHNOLOGY | G8: LAB | H8: 1 | I8: 0 | J8: 0 | K8: 1 | L8: HU11085 | M8: =IFNA(VLOOKUP(L8,'Faculty Details'!$B:$H,4,0),"") -> Dr.SAGUNTHALA DEVI P | N8: =IFNA(VLOOKUP(L8,'Faculty Details'!$B:$H,7,0),"") -> sagunthaladevi@bitsathy.ac.in
A9: 8 | B9: AGRI | C9: S2 | D9: CORE | E9: 22HS009 | F9: COCURRICULAR AND EXTRACURRICULAR ACTIVITIES
A10: 9 | B10: AGRI | C10: S2 | D10: LANGUAGE ELECTIVE | E10: 22HS201 | F10: COMMUNICATIVE ENGLISH II | G10: LAB | H10: 1 | I10: 0 | J10: 2 | K10: 2 | L10: HU11011 | M10: =IFNA(VLOOKUP(L10,'Faculty Details'!$B:$H,4,0),"") -> Dr.AJAI A | N10: =IFNA(VLOOKUP(L10,'Faculty Details'!$B:$H,7,0),"") -> ajai@bitsathy.ac.in
A11: 10 | B11: AGRI | C11: S4 | D11: CORE | E11: 22AG401 | F11: CROP PRODUCTION TECHNOLOGY | G11: THEORY WITH LAB | H11: 3 | I11: 0 | J11: 2 | K11: 4 | L11: AG11083 | M11: =IFNA(VLOOKUP(L11,'Faculty Details'!$B:$H,4,0),"") -> Dr.RAGHUL S | N11: =IFNA(VLOOKUP(L11,'Faculty Details'!$B:$H,7,0),"") -> raghul@bitsathy.ac.in
A12: 11 | B12: AGRI | C12: S4 | D12: CORE | E12: 22AG402 | F12: HEAT AND MASS TRANSFER | G12: THEORY WITH LAB | H12: 3 | I12: 0 | J12: 2 | K12: 4 | L12: AG10172 | M12: =IFNA(VLOOKUP(L12,'Faculty Details'!$B:$H,4,0),"") -> Dr.VINOTH KUMAR J | N12: =IFNA(VLOOKUP(L12,'Faculty Details'!$B:$H,7,0),"") -> vinothkumar@bitsathy.ac.in
A13: 12 | B13: AGRI | C13: S4 | D13: CORE | E13: 22AG403 | F13: STRENGTH OF MATERIALS | G13: THEORY | H13: 2 | I13: 1 | J13: 2 | K13: 4 | L13: MC10299 | M13: =IFNA(VLOOKUP(L13,'Faculty Details'!$B:$H,4,0),"") -> Mr.VIGNESH S | N13: =IFNA(VLOOKUP(L13,'Faculty Details'!$B:$H,7,0),"") -> vignesh@bitsathy.ac.in
A14: 13 | B14: AGRI | C14: S4 | D14: CORE | E14: 22AG403 | F14: STRENGTH OF MATERIALS | G14: LAB | H14: 2 | I14: 1 | J14: 2 | K14: 4 | L14: MC10299 | M14: =IFNA(VLOOKUP(L14,'Faculty Details'!$B:$H,4,0),"") -> Mr.VIGNESH S | N14: =IFNA(VLOOKUP(L14,'Faculty Details'!$B:$H,7,0),"") -> vignesh@bitsathy.ac.in
A15: 14 | B15: AGRI | C15: S4 | D15: CORE | E15: 22AG404 | F15: THEORY OF MACHINES | G15: THEORY WITH LAB | H15: 3 | I15: 0 | J15: 2 | K15: 4 | L15: AG1312 | M15: =IFNA(VLOOKUP(L15,'Faculty Details'!$B:$H,4,0),"") -> Dr.UVARAJA V C | N15: =IFNA(VLOOKUP(L15,'Faculty Details'!$B:$H,7,0),"") -> uvarajavc@bitsathy.ac.in
A16: 15 | B16: AGRI | C16: S4 | D16: CORE | E16: 22AG405 | F16: HYDROLOGY | G16: THEORY | H16: 3 | I16: 1 | J16: 0 | K16: 4 | L16: AG10092 | M16: =IFNA(VLOOKUP(L16,'Faculty Details'!$B:$H,4,0),"") -> Dr.VASUDEVAN M | N16: =IFNA(VLOOKUP(L16,'Faculty Details'!$B:$H,7,0),"") -> vasudevan@bitsathy.ac.in
A17: 16 | B17: AGRI | C17: S4 | D17: ELECTIVE 1 | E17: 22AG040 | F17: TECHNOLOGY OF SEED PROCESSING | G17: THEORY | H17: 3 | I17: 0 | J17: 0 | K17: 3 | L17: AG10895 | M17: =IFNA(VLOOKUP(L17,'Faculty Details'!$B:$H,4,0),"") -> Ms.ANANTHI D | N17: =IFNA(VLOOKUP(L17,'Faculty Details'!$B:$H,7,0),"") -> ananthid@bitsathy.ac.in
A18: 17 | B18: AGRI | C18: S4 | D18: CORE | E18: 22HS007 | F18: ENVIRONMENTAL SCIENCE | G18: LAB | H18: 2 | I18: 0 | J18: 0 | K18: 2 | L18: CH1558 | M18: =IFNA(VLOOKUP(L18,'Faculty Details'!$B:$H,4,0),"") -> Dr.PRAVEENA R | N18: =IFNA(VLOOKUP(L18,'Faculty Details'!$B:$H,7,0),"") -> praveenar@bitsathy.ac.in
A19: 18 | B19: AGRI | C19: S4 | D19: CORE | E19: 22HS008 | F19: ADVANCED ENGLISH AND TECHNICAL EXPRESSION | G19: LAB | H19: 0 | I19: 0 | J19: 2 | K19: 1 | L19: HU11011 | M19: =IFNA(VLOOKUP(L19,'Faculty Details'!$B:$H,4,0),"") -> Dr.AJAI A | N19: =IFNA(VLOOKUP(L19,'Faculty Details'!$B:$H,7,0),"") -> ajai@bitsathy.ac.in
A20: 19 | B20: AGRI | C20: S6 | D20: CORE | E20: 22AG601 | F20: FARM IMPLEMENTS | G20: THEORY WITH LAB | H20: 3 | I20: 0 | J20: 2 | K20: 4 | L20: AG11049 | M20: =IFNA(VLOOKUP(L20,'Faculty Details'!$B:$H,4,0),"") -> Dr.PRAVEEN KUMAR D | N20: =IFNA(VLOOKUP(L20,'Faculty Details'!$B:$H,7,0),"") -> praveenkumard@bitsathy.ac.in
A21: 20 | B21: AGRI | C21: S6 | D21: CORE | E21: 22AG602 | F21: POST HARVEST TECHNOLOGY | G21: THEORY | H21: 3 | I21: 0 | J21: 2 | K21: 4 | L21: AG10503 | M21: =IFNA(VLOOKUP(L21,'Faculty Details'!$B:$H,4,0),"") -> Dr.CHELLADURAI V | N21: =IFNA(VLOOKUP(L21,'Faculty Details'!$B:$H,7,0),"") -> chelladurai@bitsathy.ac.in
... A29: 28 | B29: AGRI | C29: S6 | D29: HONOURS | E29: 22AGH22 | F29: COGENERATION AND WASTE HEAT RECOVERY SYSTEMS | G29: THEORY | H29: 3 | I29: 0 | J29: 0 | K29: 3 | L29: AG11178 | M29: =IFNA(VLOOKUP(L29,'Faculty Details'!$B:$H,4,0),"") -> Ms.SNEKHA A R | N29: =IFNA(VLOOKUP(L29,'Faculty Details'!$B:$H,7,0),"") -> snekhaar@bitsathy.ac.in
A30: 29 | B30: AGRI | C30: S6 | D30: MINI PROJECT | E30: 22AG607 | F30: MINI PROJECT II | G30: LAB | H30: 0 | I30: 0 | J30: 2 | K30: 1 | M30: =IFNA(VLOOKUP(L30,'Faculty Details'!$B:$H,4,0),"") | N30: =IFNA(VLOOKUP(L30,'Faculty Details'!$B:$H,7,0),"")
A31: 30 | B31: AGRI | C31: S8 | D31: PROJECT | E31: 22AG801 | F31: PROJECT WORK II | G31: LAB | H31: 0 | I31: 0 | J31: 18 | K31: 9 | M31: =IFNA(VLOOKUP(L31,'Faculty Details'!$B:$H,4,0),"") | N31: =IFNA(VLOOKUP(L31,'Faculty Details'!$B:$H,7,0),"")

Sheet AIDS
A1: Si No. | B1: Dept. | C1: Semester | D1: Course Type | E1: Course Code | F1: Course Name | G1: Course Nature | H1: L | I1: T | J1: P | K1: C | L1: Faculty ID (ME1880) | M1: Faculty Name | N1: Mail ID
A2: {=SEQUENCE(COUNTA(B2:B105),1)} -> 1 | B2: AIDS | C2: S2 | D2: CORE | E2: 22MA201 | F2: ENGINEERING MATHEMATICS II | G2: THEORY | H2: 3 | I2: 1 | J2: 0 | K2: 4 | L2: MA1702 | M2: =IFNA(VLOOKUP(L2,'Faculty Details'!$B:$H,4,0),"") -> Dr.UMAMAGESWARI D | N2: =IFNA(VLOOKUP(L2,'Faculty Details'!$B:$H,7,0),"") -> umamageswarid@bitsathy.ac.in
A3: 2 | B3: AIDS | C3: S2 | D3: CORE | E3: 22MA201 | F3: ENGINEERING MATHEMATICS II | G3: THEORY | H3: 3 | I3: 1 | J3: 0 | K3: 4 | L3: MA10119 | M3: =IFNA(VLOOKUP(L3,'Faculty Details'!$B:$H,4,0),"") -> Dr.SARANYA D | N3: =IFNA(VLOOKUP(L3,'Faculty Details'!$B:$H,7,0),"") -> saranyad@bitsathy.ac.in
A4: 3 | B4: AIDS | C4: S2 | D4: CORE | E4: 22MA201 | F4: ENGINEERING MATHEMATICS II | G4: THEORY | H4: 3 | I4: 1 | J4: 0 | K4: 4 | L4: MA10763 | M4: =IFNA(VLOOKUP(L4,'Faculty Details'!$B:$H,4,0),"") -> Dr.REVATHI V M | N4: =IFNA(VLOOKUP(L4,'Faculty Details'!$B:$H,7,0),"") -> revathivm@bitsathy.ac.in
A5: 4 | B5: AIDS | C5: S2 | D5: CORE | E5: 22MA201 | F5: ENGINEERING MATHEMATICS II | G5: THEORY | H5: 3 | I5: 1 | J5: 0 | K5: 4 | L5: MA10986 | M5: =IFNA(VLOOKUP(L5,'Faculty Details'!$B:$H,4,0),"") -> Dr.GOMATHI M | N5: =IFNA(VLOOKUP(L5,'Faculty Details'!$B:$H,7,0),"") -> gomathim@bitsathy.ac.in
A6: 5 | B6: AIDS | C6: S2 | D6: CORE | E6: 22MA201 | F6: ENGINEERING MATHEMATICS II | G6: THEORY | H6: 3 | I6: 1 | J6: 0 | K6: 4 | L6: MA11181 | M6: =IFNA(VLOOKUP(L6,'Faculty Details'!$B:$H,4,0),"") -> Dr.HEMALATHA B | N6: =IFNA(VLOOKUP(L6,'Faculty Details'!$B:$H,7,0),"") -> hemalathab@bitsathy.ac.in
A7: 6 | B7: AIDS | C7: S2 | D7: CORE | E7: 22PH202 | F7: ELECTROMAGNETISM AND MODERN PHYSICS | G7: THEORY WITH LAB | H7: 2 | I7: 0 | J7: 2 | K7: 3 | L7: PH1653 | M7: =IFNA(VLOOKUP(L7,'Faculty Details'!$B:$H,4,0),"") -> Dr.PONGALI SATHYA PRABU N | N7: =IFNA(VLOOKUP(L7,'Faculty Details'!$B:$H,7,0),"") -> pongalispn@bitsathy.ac.in
A8: 7 | B8: AIDS | C8: S2 | D8: CORE | E8: 22PH202 | F8: ELECTROMAGNETISM AND MODERN PHYSICS | G8: THEORY WITH LAB | H8: 2 | I8: 0 | J8: 2 | K8: 3 | L8: PH10870 | M8: =IFNA(VLOOKUP(L8,'Faculty Details'!$B:$H,4,0),"") -> Dr.VANITHA K | N8: =IFNA(VLOOKUP(L8,'Faculty Details'!$B:$H,7,0),"") -> vanithak@bitsathy.ac.in
A9: 8 | B9: AIDS | C9: S2 | D9: CORE | E9: 22PH202 | F9: ELECTROMAGNETISM AND MODERN PHYSICS | G9: THEORY WITH LAB | H9: 2 | I9: 0 | J9: 2 | K9: 3 | L9: PH11153 | M9: =IFNA(VLOOKUP(L9,'Faculty Details'!$B:$H,4,0),"") -> Dr.SANGEETHA K | N9: =IFNA(VLOOKUP(L9,'Faculty Details'!$B:$H,7,0),"") -> sangeethak@bitsathy.ac.in
A10: 9 | B10: AIDS | C10: S2 | D10: CORE | E10: 22PH202 | F10: ELECTROMAGNETISM AND MODERN PHYSICS | G10: THEORY WITH LAB | H10: 2 | I10: 0 | J10: 2 | K10: 3 | L10: PH11152 | M10: =IFNA(VLOOKUP(L10,'Faculty Details'!$B:$H,4,0),"") -> Dr.PRIYADHARSINI A | N10: =IFNA(VLOOKUP(L10,'Faculty Details'!$B:$H,7,0),"") -> Priyadharsinia@bitsathy.ac.in
A11: 10 | B11: AIDS | C11: S2 | D11: CORE | E11: 22PH202 | F11: ELECTROMAGNETISM AND MODERN PHYSICS | G11: THEORY WITH LAB | H11: 2 | I11: 0 | J11: 2 | K11: 3 | L11: PH11015 | M11: =IFNA(VLOOKUP(L11,'Faculty Details'!$B:$H,4,0),"") -> Dr.GOPI G | N11: =IFNA(VLOOKUP(L11,'Faculty Details'!$B:$H,7,0),"") -> gopi@bitsathy.ac.in
A12: 11 | B12: AIDS | C12: S2 | D12: CORE | E12: 22CH203 | F12: ENGINEERING CHEMISTRY II | G12: THEORY WITH LAB | H12: 2 | I12: 0 | J12: 2 | K12: 3 | L12: CH1493 | M12: =IFNA(VLOOKUP(L12,'Faculty Details'!$B:$H,4,0),"") -> Dr.SUBHAPRIYA P | N12: =IFNA(VLOOKUP(L12,'Faculty Details'!$B:$H,7,0),"") -> subhapriyap@bitsathy.ac.in
A13: 12 | B13: AIDS | C13: S2 | D13: CORE | E13: 22CH203 | F13: ENGINEERING CHEMISTRY II | G13: THEORY WITH LAB | H13: 2 | I13: 0 | J13: 2 | K13: 3 | L13: CH10314 | M13: =IFNA(VLOOKUP(L13,'Faculty Details'!$B:$H,4,0),"") -> Dr.VISWANATHAN G | N13: =IFNA(VLOOKUP(L13,'Faculty Details'!$B:$H,7,0),"") -> viswanathan@bitsathy.ac.in
A14: 13 | B14: AIDS | C14: S2 | D14: CORE | E14: 22CH203 | F14: ENGINEERING CHEMISTRY II | G14: THEORY WITH LAB | H14: 2 | I14: 0 | J14: 2 | K14: 3 | L14: CH11057 | M14: =IFNA(VLOOKUP(L14,'Faculty Details'!$B:$H,4,0),"") -> Dr.KARUPPUSAMY S | N14: =IFNA(VLOOKUP(L14,'Faculty Details'!$B:$H,7,0),"") -> karuppusamys@bitsathy.ac.in
... A42: 41 | B42: AIDS | C42: S2 | D42: LANGUAGE ELECTIVE | E42: 22HS201 | F42: COMMUNICATIVE ENGLISH II | G42: LAB | H42: 1 | I42: 0 | J42: 2 | K42: 2 | L42: HU11141 | M42: =IFNA(VLOOKUP(L42,'Faculty Details'!$B:$H,4,0),"") -> Dr.EZHIL G | N42: =IFNA(VLOOKUP(L42,'Faculty Details'!$B:$H,7,0),"") -> ezhil@bitsathy.ac.in
A43: 42 | B43: AIDS | C43: S2 | D43: LANGUAGE ELECTIVE | E43: 22HSH01 | F43: HINDI | G43: LAB | H43: 1 | I43: 0 | J43: 2 | K43: 2 | M43: =IFNA(VLOOKUP(L43,'Faculty Details'!$B:$H,4,0),"") | N43: =IFNA(VLOOKUP(L43,'Faculty Details'!$B:$H,7,0),"")
A44: 43 | B44: AIDS | C44: S2 | D44: LANGUAGE ELECTIVE | E44: 22HSG01 | F44: GERMAN | G44: LAB | H44: 1 | I44: 0 | J44: 2 | K44: 2 | M44: =IFNA(VLOOKUP(L44,'Faculty Details'!$B:$H,4,0),"") | N44: =IFNA(VLOOKUP(L44,'Faculty Details'!$B:$H,7,0),"")
A45: 44 | B45: AIDS | C45: S2 | D45: CORE | E45: 22HS009 | F45: COCURRICULAR AND EXTRACURRICULAR ACTIVITIES | M45: =IFNA(VLOOKUP(L45,'Faculty Details'!$B:$H,4,0),"") | N45: =IFNA(VLOOKUP(L45,'Faculty Details'!$B:$H,7,0),"")
A46: 45 | B46: AIDS | C46: S4 | D46: CORE | E46: 22AI401 | F46: APPLIED LINEAR ALGEBRA | G46: THEORY | H46: 3 | I46: 1 | J46: 0 | K46: 4 | L46: MA1327 | M46: =IFNA(VLOOKUP(L46,'Faculty Details'!$B:$H,4,0),"") -> Dr.THULASIMANI T | N46: =IFNA(VLOOKUP(L46,'Faculty Details'!$B:$H,7,0),"") -> thulasimanit@bitsathy.ac.in
A47: 46 | B47: AIDS | C47: S4 | D47: CORE | E47: 22AI401 | F47: APPLIED LINEAR ALGEBRA | G47: THEORY | H47: 3 | I47: 1 | J47: 0 | K47: 4 | L47: MA11028 | M47: =IFNA(VLOOKUP(L47,'Faculty Details'!$B:$H,4,0),"") -> Mr.SURESH R | N47: =IFNA(VLOOKUP(L47,'Faculty Details'!$B:$H,7,0),"") -> sureshr@bitsathy.ac.in
A48: 47 | B48: AIDS | C48: S4 | D48: CORE | E48: 22AI401 | F48: APPLIED LINEAR ALGEBRA | G48: THEORY | H48: 3 | I48: 1 | J48: 0 | K48: 4 | L48: MA10763 | M48: =IFNA(VLOOKUP(L48,'Faculty Details'!$B:$H,4,0),"") -> Dr.REVATHI V M | N48: =IFNA(VLOOKUP(L48,'Faculty Details'!$B:$H,7,0),"") -> revathivm@bitsathy.ac.in
A49: 48 | B49: AIDS | C49: S4 | D49: CORE | E49: 22AI401 | F49: APPLIED LINEAR ALGEBRA | G49: THEORY | H49: 3 | I49: 1 | J49: 0 | K49: 4 | L49: MA11122 | M49: =IFNA(VLOOKUP(L49,'Faculty Details'!$B:$H,4,0),"") -> Dr.AKALYADEVI K | N49: =IFNA(VLOOKUP(L49,'Faculty Details'!$B:$H,7,0),"") -> akalyadevi@bitsathy.ac.in
A50: 49 | B50: AIDS | C50: S4 | D50: CORE | E50: 22AI402 | F50: DATA STRUCTURES II | G50: THEORY | H50: 3 | I50: 0 | J50: 2 | K50: 4 | L50: AD10953 | M50: =IFNA(VLOOKUP(L50,'Faculty Details'!$B:$H,4,0),"") -> Mr.RAJ KUMAR V S | N50: =IFNA(VLOOKUP(L50,'Faculty Details'!$B:$H,7,0),"") -> rajkumarvs@bitsathy.ac.in
A51: 50 | B51: AIDS | C51: S4 | D51: CORE | E51: 22AI402 | F51: DATA STRUCTURES II | G51: LAB | H51: 3 | I51: 0 | J51: 2 | K51: 4 | L51: AD10955 | M51: =IFNA(VLOOKUP(L51,'Faculty Details'!$B:$H,4,0),"") -> Ms.ESAKKI MADURA E | N51: =IFNA(VLOOKUP(L51,'Faculty Details'!$B:$H,7,0),"") -> esakkimadurae@bitsathy.ac.in
A52: 51 | B52: AIDS | C52: S4 | D52: CORE | E52: 22AI402 | F52: DATA STRUCTURES II | G52: THEORY WITH LAB | H52: 3 | I52: 0 | J52: 2 | K52: 4 | L52: AD11089 | M52: =IFNA(VLOOKUP(L52,'Faculty Details'!$B:$H,4,0),"") -> Mrs.RESHMI T S | N52: =IFNA(VLOOKUP(L52,'Faculty Details'!$B:$H,7,0),"") -> reshmits@bitsathy.ac.in
A53: 52 | B53: AIDS | C53: S4 | D53: CORE | E53: 22AI402 | F53: DATA STRUCTURES II | G53: THEORY | H53: 3 | I53: 0 | J53: 2 | K53: 4 | L53: AD10928 | M53: =IFNA(VLOOKUP(L53,'Faculty Details'!$B:$H,4,0),"") -> Mrs.NISHA DEVI K | N53: =IFNA(VLOOKUP(L53,'Faculty Details'!$B:$H,7,0),"") -> nishadevik@bitsathy.ac.in
A54: 53 | B54: AIDS | C54: S4 | D54: CORE | E54: 22AI402 | F54: DATA STRUCTURES II | G54: LAB | H54: 3 | I54: 0 | J54: 2 | K54: 4 | L54: AD11041 | M54: =IFNA(VLOOKUP(L54,'Faculty Details'!$B:$H,4,0),"") -> Mrs.ASHFORN HERMINA J M | N54: =IFNA(VLOOKUP(L54,'Faculty Details'!$B:$H,7,0),"") -> ashfornherminajm@bitsathy.ac.in
A55: 54 | B55: AIDS | C55: S4 | D55: CORE | E55: 22AI402 | F55: DATA STRUCTURES II | G55: THEORY WITH LAB | H55: 3 | I55: 0 | J55: 2 | K55: 4 | L55: AD11114 | M55: =IFNA(VLOOKUP(L55,'Faculty Details'!$B:$H,4,0),"") -> Mrs.MANJU M | N55: =IFNA(VLOOKUP(L55,'Faculty Details'!$B:$H,7,0),"") -> manju@bitsathy.ac.in
A56: 55 | B56: AIDS | C56: S4 | D56: CORE | E56: 22AI403 | F56: OPERATING SYSTEMS | G56: THEORY | H56: 3 | I56: 1 | J56: 0 | K56: 4 | L56: AD10628 | M56: =IFNA(VLOOKUP(L56,'Faculty Details'!$B:$H,4,0),"") -> Dr.ARUN KUMAR R | N56: =IFNA(VLOOKUP(L56,'Faculty Details'!$B:$H,7,0),"") -> arunkumarr@bitsathy.ac.in
A57: 56 | B57: AIDS | C57: S4 | D57: CORE | E57: 22AI403 | F57: OPERATING SYSTEMS | G57: THEORY | H57: 3 | I57: 1 | J57: 0 | K57: 4 | L57: AD10818 | M57: =IFNA(VLOOKUP(L57,'Faculty Details'!$B:$H,4,0),"") -> Dr.ESWARAMOORTHY V | N57: =IFNA(VLOOKUP(L57,'Faculty Details'!$B:$H,7,0),"") -> eswaramoorthyv@bitsathy.ac.in
... A103: 102 | B103: AIDS | C103: S6 | D103: HONOURS | E103: 22AIH10 | F103: CLOUD AUTOMATION TOOLS AND APPLICATIONS | G103: THEORY | H103: 3 | I103: 0 | J103: 0 | K103: 3 | L103: AD11116 | M103: =IFNA(VLOOKUP(L103,'Faculty Details'!$B:$H,4,0),"") -> Ms.PRIYADHARSHNI S | N103: =IFNA(VLOOKUP(L103,'Faculty Details'!$B:$H,7,0),"") -> priyadharshni@bitsathy.ac.in
A104: 103 | B104: AIDS | C104: S6 | D104: PROJECT | E104: 22AI607 | F104: MINI PROJECT II | G104: LAB | H104: 0 | I104: 0 | J104: 2 | K104: 1 | M104: =IFNA(VLOOKUP(L104,'Faculty Details'!$B:$H,4,0),"") | N104: =IFNA(VLOOKUP(L104,'Faculty Details'!$B:$H,7,0),"")
A105: 104 | B105: AIDS | C105: S8 | D105: PROJECT | E105: 22AI801 | F105: PROJECT WORK II | G105: LAB | H105: 0 | I105: 0 | J105: 18 | K105: 9 | M105: =IFNA(VLOOKUP(L105,'Faculty Details'!$B:$H,4,0),"") | N105: =IFNA(VLOOKUP(L105,'Faculty Details'!$B:$H,7,0),"")

Sheet AIML
A1: Si No. | B1: Dept. | C1: Semester | D1: Course Type | E1: Course Code | F1: Course Name | G1: Course Nature | H1: L | I1: T | J1: P | K1: C | L1: Faculty ID (ME1880) | M1: Faculty Name | N1: Mail ID
A2: {=SEQUENCE(COUNTA(B2:B64),1)} -> 1 | B2: AIML | C2: S2 | D2: CORE | E2: 22MA201 | F2: ENGINEERING MATHEMATICS II | G2: THEORY | H2: 3 | I2: 1 | J2: 0 | K2: 4 | L2: MA1373 | M2: =IFNA(VLOOKUP(L2,'Faculty Details'!$B:$H,4,0),"") -> Dr.SARAVANA MOORTHI P | N2: =IFNA(VLOOKUP(L2,'Faculty Details'!$B:$H,7,0),"") -> saravanamoorthip@bitsathy.ac.in
A3: 2 | B3: AIML | C3: S2 | D3: CORE | E3: 22MA201 | F3: ENGINEERING MATHEMATICS II | G3: THEORY | H3: 3 | I3: 1 | J3: 0 | K3: 4 | L3: MA11017 | M3: =IFNA(VLOOKUP(L3,'Faculty Details'!$B:$H,4,0),"") -> Dr.GAYATHIRI B | N3: =IFNA(VLOOKUP(L3,'Faculty Details'!$B:$H,7,0),"") -> gayathirib@bitsathy.ac.in
A4: 3 | B4: AIML | C4: S2 | D4: CORE | E4: 22MA201 | F4: ENGINEERING MATHEMATICS II | G4: THEORY | H4: 3 | I4: 1 | J4: 0 | K4: 4 | L4: MA11028 | M4: =IFNA(VLOOKUP(L4,'Faculty Details'!$B:$H,4,0),"") -> Mr.SURESH R | N4: =IFNA(VLOOKUP(L4,'Faculty Details'!$B:$H,7,0),"") -> sureshr@bitsathy.ac.in
A5: 4 | B5: AIML | C5: S2 | D5: CORE | E5: 22PH202 | F5: ELECTROMAGNETISM AND MODERN PHYSICS | G5: THEORY WITH LAB | H5: 2 | I5: 0 | J5: 2 | K5: 3 | L5: PH1407 | M5: =IFNA(VLOOKUP(L5,'Faculty Details'!$B:$H,4,0),"") -> Dr.VIJAYAKUMAR V N | N5: =IFNA(VLOOKUP(L5,'Faculty Details'!$B:$H,7,0),"") -> vijayakumarvn@bitsathy.ac.in
A6: 5 | B6: AIML | C6: S2 | D6: CORE | E6: 22PH202 | F6: ELECTROMAGNETISM AND MODERN PHYSICS | G6: THEORY WITH LAB | H6: 2 | I6: 0 | J6: 2 | K6: 3 | L6: PH10457 | M6: =IFNA(VLOOKUP(L6,'Faculty Details'!$B:$H,4,0),"") -> Dr.THIRUMOORTHY M | N6: =IFNA(VLOOKUP(L6,'Faculty Details'!$B:$H,7,0),"") -> thirumoorthy@bitsathy.ac.in
A7: 6 | B7: AIML | C7: S2 | D7: CORE | E7: 22PH202 | F7: ELECTROMAGNETISM AND MODERN PHYSICS | G7: THEORY WITH LAB | H7: 2 | I7: 0 | J7: 2 | K7: 3 | L7: PH1889 | M7: =IFNA(VLOOKUP(L7,'Faculty Details'!$B:$H,4,0),"") -> Dr.ROHINI P | N7: =IFNA(VLOOKUP(L7,'Faculty Details'!$B:$H,7,0),"") -> rohinip@bitsathy.ac.in
A8: 7 | B8: AIML | C8: S2 | D8: CORE | E8: 22CH203 | F8: ENGINEERING CHEMISTRY II | G8: THEORY WITH LAB | H8: 2 | I8: 0 | J8: 2 | K8: 3 | L8: CH10225 | M8: =IFNA(VLOOKUP(L8,'Faculty Details'!$B:$H,4,0),"") -> Dr.MUTHUKUMAR P | N8: =IFNA(VLOOKUP(L8,'Faculty Details'!$B:$H,7,0),"") -> muthukumar@bitsathy.ac.in
A9: 8 | B9: AIML | C9: S2 | D9: CORE | E9: 22CH203 | F9: ENGINEERING CHEMISTRY II | G9: THEORY WITH LAB | H9: 2 | I9: 0 | J9: 2 | K9: 3 | L9: CH11126 | M9: =IFNA(VLOOKUP(L9,'Faculty Details'!$B:$H,4,0),"") -> Dr.JESIN BENETO A | N9: =IFNA(VLOOKUP(L9,'Faculty Details'!$B:$H,7,0),"") -> jesinbeneto@bitsathy.ac.in
A10: 9 | B10: AIML | C10: S2 | D10: CORE | E10: 22CH203 | F10: ENGINEERING CHEMISTRY II | G10: THEORY WITH LAB | H10: 2 | I10: 0 | J10: 2 | K10: 3 | L10: CH11156 | M10: =IFNA(VLOOKUP(L10,'Faculty Details'!$B:$H,4,0),"") -> Dr.KASTHURI S | N10: =IFNA(VLOOKUP(L10,'Faculty Details'!$B:$H,7,0),"") -> kasthuris@bitsathy.ac.in
A11: 10 | B11: AIML | C11: S2 | D11: CORE | E11: 22GE002 | F11: COMPUTATIONAL PROBLEM SOLVING | G11: THEORY | H11: 3 | I11: 0 | J11: 0 | K11: 3 | L11: AM1025 | M11: =IFNA(VLOOKUP(L11,'Faculty Details'!$B:$H,4,0),"") -> Dr.BHARATHI A | N11: =IFNA(VLOOKUP(L11,'Faculty Details'!$B:$H,7,0),"") -> bharathia@bitsathy.ac.in
A12: 11 | B12: AIML | C12: S2 | D12: CORE | E12: 22GE002 | F12: COMPUTATIONAL PROBLEM SOLVING | G12: THEORY | H12: 3 | I12: 0 | J12: 0 | K12: 3 | L12: AM1131 | M12: =IFNA(VLOOKUP(L12,'Faculty Details'!$B:$H,4,0),"") -> Dr.GOPALAKRISHNAN B | N12: =IFNA(VLOOKUP(L12,'Faculty Details'!$B:$H,7,0),"") -> gopalakrishnanb@bitsathy.ac.in
A13: 12 | B13: AIML | C13: S2 | D13: CORE | E13: 22GE002 | F13: COMPUTATIONAL PROBLEM SOLVING | G13: THEORY | H13: 3 | I13: 0 | J13: 0 | K13: 3 | L13: AM10795 | M13: =IFNA(VLOOKUP(L13,'Faculty Details'!$B:$H,4,0),"") -> Dr.PADMASHREE A | N13: =IFNA(VLOOKUP(L13,'Faculty Details'!$B:$H,7,0),"") -> padmashreea@bitsathy.ac.in
A14: 13 | B14: AIML | C14: S2 | D14: CORE | E14: 22GE003 | F14: BASICS OF ELECTRICAL ENGINEERING | G14: THEORY WITH LAB | H14: 2 | I14: 0 | J14: 2 | K14: 3 | L14: EE10652 | M14: =IFNA(VLOOKUP(L14,'Faculty Details'!$B:$H,4,0),"") -> Mr.RISHIKESH N | N14: =IFNA(VLOOKUP(L14,'Faculty Details'!$B:$H,7,0),"") -> rishikesh@bitsathy.ac.in
... A23: 22 | B23: AIML | C23: S2 | D23: LANGUAGE ELECTIVE | E23: 22HS201 | F23: COMMUNICATIVE ENGLISH II | G23: LAB | H23: 1 | I23: 0 | J23: 2 | K23: 2 | L23: HU11159 | M23: =IFNA(VLOOKUP(L23,'Faculty Details'!$B:$H,4,0),"") -> Dr.JAYA K | N23: =IFNA(VLOOKUP(L23,'Faculty Details'!$B:$H,7,0),"") -> jayak@bitsathy.ac.in
A24: 23 | B24: AIML | C24: S2 | D24: LANGUAGE ELECTIVE | E24: 22HSH01 | F24: HINDI | G24: LAB | H24: 1 | I24: 0 | J24: 2 | K24: 2 | M24: =IFNA(VLOOKUP(L24,'Faculty Details'!$B:$H,4,0),"") | N24: =IFNA(VLOOKUP(L24,'Faculty Details'!$B:$H,7,0),"")
A25: 24 | B25: AIML | C25: S2 | D25: LANGUAGE ELECTIVE | E25: 22HSG01 | F25: GERMAN | G25: LAB | H25: 1 | I25: 0 | J25: 2 | K25: 2 | M25: =IFNA(VLOOKUP(L25,'Faculty Details'!$B:$H,4,0),"") | N25: =IFNA(VLOOKUP(L25,'Faculty Details'!$B:$H,7,0),"")
A26: 25 | B26: AIML | C26: S2 | D26: CORE | E26: 22HS009 | F26: COCURRICULAR AND EXTRACURRICULAR ACTIVITIES | M26: =IFNA(VLOOKUP(L26,'Faculty Details'!$B:$H,4,0),"") | N26: =IFNA(VLOOKUP(L26,'Faculty Details'!$B:$H,7,0),"")
A27: 26 | B27: AIML | C27: S4 | D27: CORE | E27: 22AM401 | F27: APPLIED LINEAR ALGEBRA | G27: THEORY | H27: 3 | I27: 1 | J27: 0 | K27: 4 | L27: MA10763 | M27: =IFNA(VLOOKUP(L27,'Faculty Details'!$B:$H,4,0),"") -> Dr.REVATHI V M | N27: =IFNA(VLOOKUP(L27,'Faculty Details'!$B:$H,7,0),"") -> revathivm@bitsathy.ac.in
A28: 27 | B28: AIML | C28: S4 | D28: CORE | E28: 22AM401 | F28: APPLIED LINEAR ALGEBRA | G28: THEORY | H28: 3 | I28: 1 | J28: 0 | K28: 4 | L28: MA10986 | M28: =IFNA(VLOOKUP(L28,'Faculty Details'!$B:$H,4,0),"") -> Dr.GOMATHI M | N28: =IFNA(VLOOKUP(L28,'Faculty Details'!$B:$H,7,0),"") -> gomathim@bitsathy.ac.in
A29: 28 | B29: AIML | C29: S4 | D29: CORE | E29: 22AM402 | F29: DATA STRUCTURES II | G29: THEORY WITH LAB | H29: 3 | I29: 0 | J29: 2 | K29: 4 | L29: AM11095 | M29: =IFNA(VLOOKUP(L29,'Faculty Details'!$B:$H,4,0),"") -> Mrs.GAYATHRIDEVI M | N29: =IFNA(VLOOKUP(L29,'Faculty Details'!$B:$H,7,0),"") -> gayathridevi@bitsathy.ac.in
A30: 29 | B30: AIML | C30: S4 | D30: CORE | E30: 22AM402 | F30: DATA STRUCTURES II | G30: THEORY WITH LAB | H30: 3 | I30: 0 | J30: 2 | K30: 4 | L30: AM11100 | M30: =IFNA(VLOOKUP(L30,'Faculty Details'!$B:$H,4,0),"") -> Ms.NISHANTHINI S | N30: =IFNA(VLOOKUP(L30,'Faculty Details'!$B:$H,7,0),"") -> nishanthinis@bitsathy.ac.in
A31: 30 | B31: AIML | C31: S4 | D31: CORE | E31: 22AM403 | F31: OPERATING SYSTEMS | G31: THEORY | H31: 3 | I31: 1 | J31: 0 | K31: 4 | L31: AM10956 | M31: =IFNA(VLOOKUP(L31,'Faculty Details'!$B:$H,4,0),"") -> Ms.KARTHIKA S | N31: =IFNA(VLOOKUP(L31,'Faculty Details'!$B:$H,7,0),"") -> karthikas@bitsathy.ac.in
A32: 31 | B32: AIML | C32: S4 | D32: CORE | E32: 22AM403 | F32: OPERATING SYSTEMS | G32: THEORY | H32: 3 | I32: 1 | J32: 0 | K32: 4 | L32: AM11058 | M32: =IFNA(VLOOKUP(L32,'Faculty Details'!$B:$H,4,0),"") -> Mr.BALAMURUGAN E | N32: =IFNA(VLOOKUP(L32,'Faculty Details'!$B:$H,7,0),"") -> balamurugane@bitsathy.ac.in
A33: 32 | B33: AIML | C33: S4 | D33: CORE | E33: 22AM404 | F33: WEB TECHNOLOGY AND FRAMEWORKS | G33: THEORY WITH LAB | H33: 2 | I33: 0 | J33: 2 | K33: 4 | L33: IT11142 | M33: =IFNA(VLOOKUP(L33,'Faculty Details'!$B:$H,4,0),"") -> Mrs.KEERTHANA K | N33: =IFNA(VLOOKUP(L33,'Faculty Details'!$B:$H,7,0),"") -> keerthana@bitsathy.ac.in
A34: 33 | B34: AIML | C34: S4 | D34: CORE | E34: 22AM404 | F34: WEB TECHNOLOGY AND FRAMEWORKS | G34: THEORY WITH LAB | H34: 2 | I34: 0 | J34: 2 | K34: 4 | L34: AM11166 | M34: =IFNA(VLOOKUP(L34,'Faculty Details'!$B:$H,4,0),"") -> Mrs.SARANYA M K | N34: =IFNA(VLOOKUP(L34,'Faculty Details'!$B:$H,7,0),"") -> saranyamk@bitsathy.ac.in
A35: 34 | B35: AIML | C35: S4 | D35: CORE | E35: 22AM405 | F35: DATABASE MANAGEMENT SYSTEM | G35: THEORY WITH LAB | H35: 3 | I35: 0 | J35: 2 | K35: 4 | L35: AM11092 | M35: =IFNA(VLOOKUP(L35,'Faculty Details'!$B:$H,4,0),"") -> Ms.KANIMOZHI A | N35: =IFNA(VLOOKUP(L35,'Faculty Details'!$B:$H,7,0),"") -> kanimozhi@bitsathy.ac.in
A36: 35 | B36: AIML | C36: S4 | D36: CORE | E36: 22AM405 | F36: DATABASE MANAGEMENT SYSTEM | G36: THEORY WITH LAB | H36: 3 | I36: 0 | J36: 2 | K36: 4 | L36: AM11052 | M36: =IFNA(VLOOKUP(L36,'Faculty Details'!$B:$H,4,0),"") -> Ms.MOHANAPRIYA K | N36: =IFNA(VLOOKUP(L36,'Faculty Details'!$B:$H,7,0),"") -> mohanapriyak@bitsathy.ac.in
A37: 36 | B37: AIML | C37: S4 | D37: ELECTIVE 1 | E37: 22AM027 | F37: MOBILE AND WEB APPLICATION | G37: THEORY | H37: 3 | I37: 1 | J37: 0 | K37: 4 | L37: AD11169 | M37: =IFNA(VLOOKUP(L37,'Faculty Details'!$B:$H,4,0),"") -> Mrs.MANOCHITRA A S | N37: =IFNA(VLOOKUP(L37,'Faculty Details'!$B:$H,7,0),"") -> manochitra@bitsathy.ac.in
A38: 37 | B38: AIML | C38: S4 | D38: ELECTIVE 1 | E38: 22AM027 | F38: MOBILE AND WEB APPLICATION | G38: THEORY | H38: 3 | I38: 1 | J38: 0 | K38: 4 | L38: AM11161 | M38: =IFNA(VLOOKUP(L38,'Faculty Details'!$B:$H,4,0),"") -> Dr.KARTHIKEYAN G | N38: =IFNA(VLOOKUP(L38,'Faculty Details'!$B:$H,7,0),"") -> karthikeyang@bitsathy.ac.in
... A62: 61 | B62: AIML | C62: S6 | D62: MINOR | E62: 22AMM45 | F62: FUNDAMENTALS OF CLOUD COMPUTING | G62: THEORY | H62: 3 | I62: 0 | J62: 0 | K62: 3 | L62: AM11166 | M62: =IFNA(VLOOKUP(L62,'Faculty Details'!$B:$H,4,0),"") -> Mrs.SARANYA M K | N62: =IFNA(VLOOKUP(L62,'Faculty Details'!$B:$H,7,0),"") -> saranyamk@bitsathy.ac.in
A63: 62 | B63: AIML | C63: S6 | D63: MINI PROJECT | E63: 22AM607 | F63: MINI PROJECT II | G63: LAB | H63: 0 | I63: 0 | J63: 2 | K63: 1 | M63: =IFNA(VLOOKUP(L63,'Faculty Details'!$B:$H,4,0),"") | N63: =IFNA(VLOOKUP(L63,'Faculty Details'!$B:$H,7,0),"")
A64: 63 | B64: AIML | C64: S8 | D64: PROJECT | E64: 22AM801 | F64: PROJECT WORK II | G64: LAB | H64: 0 | I64: 0 | J64: 18 | K64: 9 | M64: =IFNA(VLOOKUP(L64,'Faculty Details'!$B:$H,4,0),"") | N64: =IFNA(VLOOKUP(L64,'Faculty Details'!$B:$H,7,0),"")

Sheet BME
A1: Sl No. | B1: Dept. | C1: Semester | D1: Course Type | E1: Course Code | F1: Course Name | G1: Course Nature | H1: L | I1: T | J1: P | K1: C | L1: Faculty ID (ME1880) | M1: Faculty Name | N1: Mail ID
A2: {=SEQUENCE(COUNTA(B2:B15),1)} -> 1 | B2: BME | C2: S6 | D2: CORE | E2: 22BM601 | F2: DIAGNOSTIC AND THERAPEUTIC EQUIPMENT | G2: THEORY WITH LAB | H2: 3 | I2: 0 | J2: 2 | K2: 4 | L2: BM11066 | M2: =IFNA(VLOOKUP(L2,'Faculty Details'!$B:$H,4,0),"") -> Ms.SAAHINA S | N2: =IFNA(VLOOKUP(L2,'Faculty Details'!$B:$H,7,0),"") -> saahina@bitsathy.ac.in
A3: 2 | B3: BME | C3: S6 | D3: CORE | E3: 22BM602 | F3: BIOMECHANICS | G3: THEORY WITH LAB | H3: 3 | I3: 0 | J3: 2 | K3: 4 | L3: BM11071 | M3: =IFNA(VLOOKUP(L3,'Faculty Details'!$B:$H,4,0),"") -> Mr.SYED ALTHAF S | N3: =IFNA(VLOOKUP(L3,'Faculty Details'!$B:$H,7,0),"") -> syedalthaf@bitsathy.ac.in
A4: 3 | B4: BME | C4: S6 | D4: CORE | E4: 22BM603 | F4: ARTIFICIAL INTELLIGENCE AND MACHINE LEARNING | G4: THEORY WITH LAB | H4: 3 | I4: 0 | J4: 2 | K4: 4 | L4: CB11145 | M4: =IFNA(VLOOKUP(L4,'Faculty Details'!$B:$H,4,0),"") -> Mrs.DIVYA S | N4: =IFNA(VLOOKUP(L4,'Faculty Details'!$B:$H,7,0),"") -> divyaks@bitsathy.ac.in
A5: 4 | B5: BME | C5: S6 | D5: ELECTIVE 3 | E5: 22BM005 | F5: ADVANCED MEDICAL IMAGE ANALYSIS | G5: THEORY | H5: 3 | I5: 0 | J5: 0 | K5: 3 | L5: BM11176 | M5: =IFNA(VLOOKUP(L5,'Faculty Details'!$B:$H,4,0),"") -> Ms.PRATHEEBHA G | N5: =IFNA(VLOOKUP(L5,'Faculty Details'!$B:$H,7,0),"") -> pratheebhag@bitsathy.ac.in
A6: 5 | B6: BME | C6: S6 | D6: ELECTIVE 4 | E6: 22BM031 | F6: MEDICAL OPTICS | G6: THEORY | H6: 3 | I6: 0 | J6: 0 | K6: 3 | L6: BM10939 | M6: =IFNA(VLOOKUP(L6,'Faculty Details'!$B:$H,4,0),"") -> Ms.CAROLINE VINNETIA S | N6: =IFNA(VLOOKUP(L6,'Faculty Details'!$B:$H,7,0),"") -> carolinevinnetias@bitsathy.ac.in
A7: 6 | B7: BME | C7: S6 | D7: ELECTIVE 5 | E7: 22BM011 | F7: REHABILITATION AND ROBOTICS ENGINEERING | G7: THEORY | H7: 3 | I7: 0 | J7: 0 | K7: 3 | L7: BM11175 | M7: =IFNA(VLOOKUP(L7,'Faculty Details'!$B:$H,4,0),"") -> Ms.SREENIVEATHA P | N7: =IFNA(VLOOKUP(L7,'Faculty Details'!$B:$H,7,0),"") -> sreeniveathap@bitsathy.ac.in
A8: 7 | B8: BME | C8: S6 | D8: ADD COURSE | E8: 22BM022 | F8: PROSTHETIC AND ORTHOTIC DEVICES | G8: THEORY | H8: 3 | I8: 0 | J8: 0 | K8: 3 | L8: BM11066 | M8: =IFNA(VLOOKUP(L8,'Faculty Details'!$B:$H,4,0),"") -> Ms.SAAHINA S | N8: =IFNA(VLOOKUP(L8,'Faculty Details'!$B:$H,7,0),"") -> saahina@bitsathy.ac.in
A9: 8 | B9: BME | C9: S6 | D9: OPEN ELECTIVE | E9: 22OBM01 | F9: OCCUPATIONAL SAFETY AND HEALTH IN PUBLIC HEALTH | G9: THEORY | H9: 3 | I9: 0 | J9: 0 | K9: 3 | L9: BM11175 | M9: =IFNA(VLOOKUP(L9,'Faculty Details'!$B:$H,4,0),"") -> Ms.SREENIVEATHA P | N9: =IFNA(VLOOKUP(L9,'Faculty Details'!$B:$H,7,0),"") -> sreeniveathap@bitsathy.ac.in
A10: 9 | B10: BME | C10: S6 | D10: OPEN ELECTIVE | E10: 22OBM01 | F10: OCCUPATIONAL SAFETY AND HEALTH IN PUBLIC HEALTH | G10: THEORY | H10: 3 | I10: 0 | J10: 0 | K10: 3 | L10: BM11176 | M10: =IFNA(VLOOKUP(L10,'Faculty Details'!$B:$H,4,0),"") -> Ms.PRATHEEBHA G | N10: =IFNA(VLOOKUP(L10,'Faculty Details'!$B:$H,7,0),"") -> pratheebhag@bitsathy.ac.in
A11: 10 | B11: BME | C11: S6 | D11: OPEN ELECTIVE | E11: 22OBM01 | F11: OCCUPATIONAL SAFETY AND HEALTH IN PUBLIC HEALTH | G11: THEORY | H11: 3 | I11: 0 | J11: 0 | K11: 3 | L11: BM10939 | M11: =IFNA(VLOOKUP(L11,'Faculty Details'!$B:$H,4,0),"") -> Ms.CAROLINE VINNETIA S | N11: =IFNA(VLOOKUP(L11,'Faculty Details'!$B:$H,7,0),"") -> carolinevinnetias@bitsathy.ac.in
A12: 11 | B12: BME | C12: S6 | D12: HONOURS | E12: 22BMH34 | F12: PATIENT SAFETY AND STANDARDS | G12: THEORY | H12: 3 | I12: 0 | J12: 0 | K12: 3 | L12: BM11071 | M12: =IFNA(VLOOKUP(L12,'Faculty Details'!$B:$H,4,0),"") -> Mr.SYED ALTHAF S | N12: =IFNA(VLOOKUP(L12,'Faculty Details'!$B:$H,7,0),"") -> syedalthaf@bitsathy.ac.in
A13: 12 | B13: BME | C13: S6 | D13: HONOURS | E13: 22BMH35 | F13: MEDICAL DEVICE REGULATIONS | G13: THEORY | H13: 3 | I13: 0 | J13: 0 | K13: 3 | L13: BM10939 | M13: =IFNA(VLOOKUP(L13,'Faculty Details'!$B:$H,4,0),"") -> Ms.CAROLINE VINNETIA S | N13: =IFNA(VLOOKUP(L13,'Faculty Details'!$B:$H,7,0),"") -> carolinevinnetias@bitsathy.ac.in
A14: 13 | B14: BME | C14: S6 | D14: MINI PROJECT | E14: 22BM607 | F14: MINI PROJECT II | G14: LAB | H14: 0 | I14: 0 | J14: 2 | K14: 1 | M14: =IFNA(VLOOKUP(L14,'Faculty Details'!$B:$H,4,0),"") | N14: =IFNA(VLOOKUP(L14,'Faculty Details'!$B:$H,7,0),"")
A15: 14 | B15: BME | C15: S8 | D15: PROJECT | E15: 22BM801 | F15: PROJECT WORK II | G15: LAB | H15: 0 | I15: 0 | J15: 18 | K15: 9 | M15: =IFNA(VLOOKUP(L15,'Faculty Details'!$B:$H,4,0),"") | N15: =IFNA(VLOOKUP(L15,'Faculty Details'!$B:$H,7,0),"")

Sheet CSBS
A1: Si No. | B1: Dept. | C1: Semester | D1: Course Type | E1: Course Code | F1: Course Name | G1: Course Nature | H1: L | I1: T | J1: P | K1: C | L1: Faculty ID (ME1880) | M1: Faculty Name | N1: Mail ID
A2: {=SEQUENCE(COUNTA(B2:B21),1)} -> 1 | B2: CSBS | C2: S4 | D2: CORE | E2: 22CB401 | F2: OPERATING SYSTEMS | G2: THEORY WITH LAB | H2: 3 | I2: 0 | J2: 2 | K2: 4 | L2: CB10992 | M2: =IFNA(VLOOKUP(L2,'Faculty Details'!$B:$H,4,0),"") -> Mrs.SARANYA N | N2: =IFNA(VLOOKUP(L2,'Faculty Details'!$B:$H,7,0),"") -> saranyanj@bitsathy.ac.in
A3: 2 | B3: CSBS | C3: S4 | D3: CORE | E3: 22CB402 | F3: SOFTWARE ENGINEERING | G3: THEORY WITH LAB | H3: 3 | I3: 0 | J3: 2 | K3: 4 | L3: AM11100 | M3: =IFNA(VLOOKUP(L3,'Faculty Details'!$B:$H,4,0),"") -> Ms.NISHANTHINI S | N3: =IFNA(VLOOKUP(L3,'Faculty Details'!$B:$H,7,0),"") -> nishanthinis@bitsathy.ac.in
A4: 3 | B4: CSBS | C4: S4 | D4: CORE | E4: 22CB403 | F4: DESIGN AND ANALYSIS OF ALGORITHMS | G4: THEORY | H4: 3 | I4: 0 | J4: 2 | K4: 4 | L4: CB10791 | M4: =IFNA(VLOOKUP(L4,'Faculty Details'!$B:$H,4,0),"") -> Mr.CHANDRU K S | N4: =IFNA(VLOOKUP(L4,'Faculty Details'!$B:$H,7,0),"") -> chandruks@bitsathy.ac.in
A5: 4 | B5: CSBS | C5: S4 | D5: CORE | E5: 22CB403 | F5: DESIGN AND ANALYSIS OF ALGORITHMS | G5: LAB | H5: 3 | I5: 0 | J5: 2 | K5: 4 | L5: CB10791 | M5: =IFNA(VLOOKUP(L5,'Faculty Details'!$B:$H,4,0),"") -> Mr.CHANDRU K S | N5: =IFNA(VLOOKUP(L5,'Faculty Details'!$B:$H,7,0),"") -> chandruks@bitsathy.ac.in
A6: 5 | B6: CSBS | C6: S4 | D6: CORE | E6: 22CB404 | F6: DESIGN THINKING | G6: THEORY | H6: 3 | I6: 0 | J6: 0 | K6: 3 | L6: CS10974 | M6: =IFNA(VLOOKUP(L6,'Faculty Details'!$B:$H,4,0),"") -> Mr.STEEPHAN AMALRAJ J | N6: =IFNA(VLOOKUP(L6,'Faculty Details'!$B:$H,7,0),"") -> steephanamalrajj@bitsathy.ac.in
A7: 6 | B7: CSBS | C7: S4 | D7: CORE | E7: 22CB405 | F7: OPERATIONS RESEARCH | G7: THEORY WITH LAB | H7: 2 | I7: 0 | J7: 2 | K7: 3 | L7: MA1342 | M7: =IFNA(VLOOKUP(L7,'Faculty Details'!$B:$H,4,0),"") -> Dr.VINOTHINI V R | N7: =IFNA(VLOOKUP(L7,'Faculty Details'!$B:$H,7,0),"") -> vinothinivr@bitsathy.ac.in
A8: 7 | B8: CSBS | C8: S4 | D8: CORE | E8: 22CB406 | F8: MARKETING RESEARCH AND MARKETING MANAGEMENT | G8: THEORY | H8: 2 | I8: 0 | J8: 0 | K8: 2 | L8: SM11120 | M8: =IFNA(VLOOKUP(L8,'Faculty Details'!$B:$H,4,0),"") -> Dr.VIDHYA S | N8: =IFNA(VLOOKUP(L8,'Faculty Details'!$B:$H,7,0),"") -> vidhyas@bitsathy.ac.in
A9: 8 | B9: CSBS | C9: S4 | D9: ELECTIVE 1 | E9: 22CB031 | F9: INTRODUCTION TO INNOVATION IP MANAGEMENT AND ENTREPRENEURSHIP | G9: THEORY | H9: 3 | I9: 0 | J9: 0 | K9: 3 | L9: CB11170 | M9: =IFNA(VLOOKUP(L9,'Faculty Details'!$B:$H,4,0),"") -> Ms.VAISHNAVI N | N9: =IFNA(VLOOKUP(L9,'Faculty Details'!$B:$H,7,0),"") -> vaishnavin@bitsathy.ac.in
A10: 9 | B10: CSBS | C10: S4 | D10: CORE | E10: 22HS007 | F10: ENVIRONMENTAL SCIENCE | G10: LAB | H10: 2 | I10: 0 | J10: 0 | K10: 2 | L10: CH11127 | M10: =IFNA(VLOOKUP(L10,'Faculty Details'!$B:$H,4,0),"") -> Dr.MANIGANDAN S | N10: =IFNA(VLOOKUP(L10,'Faculty Details'!$B:$H,7,0),"") -> manigandan@bitsathy.ac.in
A11: 10 | B11: CSBS | C11: S6 | D11: CORE | E11: 22CB601 | F11: COMPUTER NETWORKS | G11: THEORY WITH LAB | H11: 3 | I11: 0 | J11: 2 | K11: 4 | L11: CB11170 | M11: =IFNA(VLOOKUP(L11,'Faculty Details'!$B:$H,4,0),"") -> Ms.VAISHNAVI N | N11: =IFNA(VLOOKUP(L11,'Faculty Details'!$B:$H,7,0),"") -> vaishnavin@bitsathy.ac.in
A12: 11 | B12: CSBS | C12: S6 | D12: CORE | E12: 22CB602 | F12: INFORMATION SECURITY | G12: THEORY | H12: 3 | I12: 0 | J12: 0 | K12: 3 | L12: CB10992 | M12: =IFNA(VLOOKUP(L12,'Faculty Details'!$B:$H,4,0),"") -> Mrs.SARANYA N | N12: =IFNA(VLOOKUP(L12,'Faculty Details'!$B:$H,7,0),"") -> saranyanj@bitsathy.ac.in
A13: 12 | B13: CSBS | C13: S6 | D13: CORE | E13: 22CB603 | F13: ARTIFICIAL INTELLIGENCE | G13: THEORY WITH LAB | H13: 3 | I13: 0 | J13: 2 | K13: 4 | L13: AM10795 | M13: =IFNA(VLOOKUP(L13,'Faculty Details'!$B:$H,4,0),"") -> Dr.PADMASHREE A | N13: =IFNA(VLOOKUP(L13,'Faculty Details'!$B:$H,7,0),"") -> padmashreea@bitsathy.ac.in
A14: 13 | B14: CSBS | C14: S6 | D14: CORE | E14: 22CB604 | F14: IT WORKSHOP | G14: THEORY | H14: 2 | I14: 0 | J14: 2 | K14: 3 | L14: CB10949 | M14: =IFNA(VLOOKUP(L14,'Faculty Details'!$B:$H,4,0),"") -> Mrs.MADHUMITHA A | N14: =IFNA(VLOOKUP(L14,'Faculty Details'!$B:$H,7,0),"") -> madhumithaa@bitsathy.ac.in
... A19: 18 | B19: CSBS | C19: S6 | D19: ADD COURSE | E19: 22CB030 | F19: IT PROJECT MANAGEMENT | G19: THEORY | H19: 3 | I19: 0 | J19: 0 | K19: 3 | L19: AM11113 | M19: =IFNA(VLOOKUP(L19,'Faculty Details'!$B:$H,4,0),"") -> Mrs.LOKESWARI P | N19: =IFNA(VLOOKUP(L19,'Faculty Details'!$B:$H,7,0),"") -> lokeswari@bitsathy.ac.in
A20: 19 | B20: CSBS | C20: S6 | D20: MINI PROJECT | E20: 22CB608 | F20: MINI PROJECT II | G20: LAB | H20: 0 | I20: 0 | J20: 2 | K20: 1 | M20: =IFNA(VLOOKUP(L20,'Faculty Details'!$B:$H,4,0),"") | N20: =IFNA(VLOOKUP(L20,'Faculty Details'!$B:$H,7,0),"")
A21: 20 | B21: CSBS | C21: S8 | D21: PROJECT | E21: 22CB801 | F21: PROJECT EVALUATION | G21: LAB | H21: 0 | I21: 0 | J21: 18 | K21: 9 | M21: =IFNA(VLOOKUP(L21,'Faculty Details'!$B:$H,4,0),"") | N21: =IFNA(VLOOKUP(L21,'Faculty Details'!$B:$H,7,0),"")

Sheet CSE
A1: sno | B1: Dept. | C1: Semester | D1: Course Type | E1: Course Code | F1: Course Name | G1: Course Nature | H1: L | I1: T | J1: P | K1: C | L1: Faculty ID (ME1880) | M1: Faculty Name | N1: Mail ID
A2: 1 | B2: CSE | C2: S2 | D2: CORE | E2: 22MA201 | F2: ENGINEERING MATHEMATICS II | G2: THEORY | H2: 3 | I2: 1 | J2: 0 | K2: 4 | L2: MA1303 | M2: =IFNA(VLOOKUP(L2,'Faculty Details'!$B:$H,4,0),"") -> Dr.INDIRANI C | N2: =IFNA(VLOOKUP(L2,'Faculty Details'!$B:$H,7,0),"") -> indiranic@bitsathy.ac.in
A3: 2 | B3: CSE | C3: S2 | D3: CORE | E3: 22MA201 | F3: ENGINEERING MATHEMATICS II | G3: THEORY | H3: 3 | I3: 1 | J3: 0 | K3: 4 | L3: MA10202 | M3: =IFNA(VLOOKUP(L3,'Faculty Details'!$B:$H,4,0),"") -> Mr.KARUPPUSAMY M | N3: =IFNA(VLOOKUP(L3,'Faculty Details'!$B:$H,7,0),"") -> karuppusamy@bitsathy.ac.in
A4: 3 | B4: CSE | C4: S2 | D4: CORE | E4: 22MA201 | F4: ENGINEERING MATHEMATICS II | G4: THEORY | H4: 3 | I4: 1 | J4: 0 | K4: 4 | L4: MA10347 | M4: =IFNA(VLOOKUP(L4,'Faculty Details'!$B:$H,4,0),"") -> Mrs.KARTHIKA M | N4: =IFNA(VLOOKUP(L4,'Faculty Details'!$B:$H,7,0),"") -> karthikam@bitsathy.ac.in
A5: 4 | B5: CSE | C5: S2 | D5: CORE | E5: 22MA201 | F5: ENGINEERING MATHEMATICS II | G5: THEORY | H5: 3 | I5: 1 | J5: 0 | K5: 4 | L5: MA10452 | M5: =IFNA(VLOOKUP(L5,'Faculty Details'!$B:$H,4,0),"") -> Mr.KALAISELVAN S | N5: =IFNA(VLOOKUP(L5,'Faculty Details'!$B:$H,7,0),"") -> kalaiselvan@bitsathy.ac.in
A6: 5 | B6: CSE | C6: S2 | D6: CORE | E6: 22MA201 | F6: ENGINEERING MATHEMATICS II | G6: THEORY | H6: 3 | I6: 1 | J6: 0 | K6: 4 | L6: MA11070 | M6: =IFNA(VLOOKUP(L6,'Faculty Details'!$B:$H,4,0),"") -> Dr.MALATHI M | N6: =IFNA(VLOOKUP(L6,'Faculty Details'!$B:$H,7,0),"") -> malathim@bitsathy.ac.in
A7: 6 | B7: CSE | C7: S2 | D7: CORE | E7: 22MA201 | F7: ENGINEERING MATHEMATICS II | G7: THEORY | H7: 3 | I7: 1 | J7: 0 | K7: 4 | L7: MA11028 | M7: =IFNA(VLOOKUP(L7,'Faculty Details'!$B:$H,4,0),"") -> Mr.SURESH R | N7: =IFNA(VLOOKUP(L7,'Faculty Details'!$B:$H,7,0),"") -> sureshr@bitsathy.ac.in
A8: 7 | B8: CSE | C8: S2 | D8: CORE | E8: 22PH202 | F8: ELECTROMAGNETISM AND MODERN PHYSICS | G8: THEORY WITH LAB | H8: 2 | I8: 0 | J8: 2 | K8: 3 | L8: PH1653 | M8: =IFNA(VLOOKUP(L8,'Faculty Details'!$B:$H,4,0),"") -> Dr.PONGALI SATHYA PRABU N | N8: =IFNA(VLOOKUP(L8,'Faculty Details'!$B:$H,7,0),"") -> pongalispn@bitsathy.ac.in
A9: 8 | B9: CSE | C9: S2 | D9: CORE | E9: 22PH202 | F9: ELECTROMAGNETISM AND MODERN PHYSICS | G9: THEORY WITH LAB | H9: 2 | I9: 0 | J9: 2 | K9: 3 | L9: PH10218 | M9: =IFNA(VLOOKUP(L9,'Faculty Details'!$B:$H,4,0),"") -> Dr.ASHOKAN S | N9: =IFNA(VLOOKUP(L9,'Faculty Details'!$B:$H,7,0),"") -> ashokan@bitsathy.ac.in
A10: 9 | B10: CSE | C10: S2 | D10: CORE | E10: 22PH202 | F10: ELECTROMAGNETISM AND MODERN PHYSICS | G10: THEORY WITH LAB | H10: 2 | I10: 0 | J10: 2 | K10: 3 | L10: PH10204 | M10: =IFNA(VLOOKUP(L10,'Faculty Details'!$B:$H,4,0),"") -> Dr.PARASURAMAN P | N10: =IFNA(VLOOKUP(L10,'Faculty Details'!$B:$H,7,0),"") -> parasuraman@bitsathy.ac.in
A11: 10 | B11: CSE | C11: S2 | D11: CORE | E11: 22PH202 | F11: ELECTROMAGNETISM AND MODERN PHYSICS | G11: THEORY WITH LAB | H11: 2 | I11: 0 | J11: 2 | K11: 3 | L11: PH10987 | M11: =IFNA(VLOOKUP(L11,'Faculty Details'!$B:$H,4,0),"") -> Dr.ANANDHA BABU G | N11: =IFNA(VLOOKUP(L11,'Faculty Details'!$B:$H,7,0),"") -> anandhababug@bitsathy.ac.in
A12: 11 | B12: CSE | C12: S2 | D12: CORE | E12: 22PH202 | F12: ELECTROMAGNETISM AND MODERN PHYSICS | G12: THEORY WITH LAB | H12: 2 | I12: 0 | J12: 2 | K12: 3 | L12: PH11036 | M12: =IFNA(VLOOKUP(L12,'Faculty Details'!$B:$H,4,0),"") -> Dr.BASKARAN P | N12: =IFNA(VLOOKUP(L12,'Faculty Details'!$B:$H,7,0),"") -> baskaranp@bitsathy.ac.in
A13: 12 | B13: CSE | C13: S2 | D13: CORE | E13: 22PH202 | F13: ELECTROMAGNETISM AND MODERN PHYSICS | G13: THEORY WITH LAB | H13: 2 | I13: 0 | J13: 2 | K13: 3 | L13: PH11152 | M13: =IFNA(VLOOKUP(L13,'Faculty Details'!$B:$H,4,0),"") -> Dr.PRIYADHARSINI A | N13: =IFNA(VLOOKUP(L13,'Faculty Details'!$B:$H,7,0),"") -> Priyadharsinia@bitsathy.ac.in
... A40: 39 | B40: CSE | C40: S2 | D40: CORE | E40: 22HS006 | F40: தமிழரும் ததொழில்நுட்பமும்/TAMILS AND TECHNOLOGY | G40: LAB | H40: 1 | I40: 0 | J40: 0 | K40: 1 | L40: HU11154 | M40: =IFNA(VLOOKUP(L40,'Faculty Details'!$B:$H,4,0),"") -> Mr.SHYAMSUNDAR S | N40: =IFNA(VLOOKUP(L40,'Faculty Details'!$B:$H,7,0),"") -> shyamsundar@bitsathy.ac.in
A41: 40 | B41: CSE | C41: S2 | D41: CORE | E41: 22HS006 | F41: தமிழரும் ததொழில்நுட்பமும்/TAMILS AND TECHNOLOGY | G41: LAB | H41: 1 | I41: 0 | J41: 0 | K41: 1 | L41: HU11085
A42: 41 | B42: CSE | C42: S2 | D42: CORE | E42: 22HS006 | F42: தமிழரும் ததொழில்நுட்பமும்/TAMILS AND TECHNOLOGY | G42: LAB | H42: 1 | I42: 0 | J42: 0 | K42: 1 | L42: HU11115
A43: 42 | B43: CSE | C43: S2 | D43: CORE | E43: 22HS006 | F43: தமிழரும் ததொழில்நுட்பமும்/TAMILS AND TECHNOLOGY | G43: LAB | H43: 1 | I43: 0 | J43: 0 | K43: 1 | L43: HU11154
A44: 43 | B44: CSE | C44: S2 | D44: CORE | E44: 22HS009 | F44: COCURRICULAR OR EXTRACURRICULAR ACTIVITY | M44: =IFNA(VLOOKUP(L44,'Faculty Details'!$B:$H,4,0),"") | N44: =IFNA(VLOOKUP(L44,'Faculty Details'!$B:$H,7,0),"")
A45: 44 | B45: CSE | C45: S2 | D45: LANGUAGE ELECTIVE | E45: 22HS201 | F45: COMMUNICATIVE ENGLISH II | G45: LAB | H45: 1 | I45: 0 | J45: 2 | K45: 2 | L45: HU11159 | M45: =IFNA(VLOOKUP(L45,'Faculty Details'!$B:$H,4,0),"") -> Dr.JAYA K | N45: =IFNA(VLOOKUP(L45,'Faculty Details'!$B:$H,7,0),"") -> jayak@bitsathy.ac.in
A46: 45 | B46: CSE | C46: S2 | D46: LANGUAGE ELECTIVE | E46: 22HS201 | F46: COMMUNICATIVE ENGLISH II | G46: LAB | H46: 1 | I46: 0 | J46: 2 | K46: 2 | L46: HU11151 | M46: =IFNA(VLOOKUP(L46,'Faculty Details'!$B:$H,4,0),"") -> Dr.NITHYA S | N46: =IFNA(VLOOKUP(L46,'Faculty Details'!$B:$H,7,0),"") -> nithyas@bitsathy.ac.in
A47: 46 | B47: CSE | C47: S2 | D47: LANGUAGE ELECTIVE | E47: 22HSH01 | F47: HINDI | G47: LAB | H47: 1 | I47: 0 | J47: 2 | K47: 2 | M47: =IFNA(VLOOKUP(L47,'Faculty Details'!$B:$H,4,0),"") | N47: =IFNA(VLOOKUP(L47,'Faculty Details'!$B:$H,7,0),"")
A48: 47 | B48: CSE | C48: S2 | D48: LANGUAGE ELECTIVE | E48: 22HSH01 | F48: HINDI | G48: LAB | H48: 1 | I48: 0 | J48: 2 | K48: 2 | M48: =IFNA(VLOOKUP(L48,'Faculty Details'!$B:$H,4,0),"") | N48: =IFNA(VLOOKUP(L48,'Faculty Details'!$B:$H,7,0),"")
A49: 48 | B49: CSE | C49: S2 | D49: LANGUAGE ELECTIVE | E49: 22HSG01 | F49: GERMAN | G49: LAB | H49: 1 | I49: 0 | J49: 2 | K49: 2 | M49: =IFNA(VLOOKUP(L49,'Faculty Details'!$B:$H,4,0),"") | N49: =IFNA(VLOOKUP(L49,'Faculty Details'!$B:$H,7,0),"")
A50: 49 | B50: CSE | C50: S2 | D50: LANGUAGE ELECTIVE | E50: 22HSG01 | F50: GERMAN | G50: LAB | H50: 1 | I50: 0 | J50: 2 | K50: 2 | M50: =IFNA(VLOOKUP(L50,'Faculty Details'!$B:$H,4,0),"") | N50: =IFNA(VLOOKUP(L50,'Faculty Details'!$B:$H,7,0),"")
A51: 50 | B51: CSE | C51: S4 | D51: CORE | E51: 22CS401 | F51: DISCRETE MATHEMATICS | G51: THEORY | H51: 3 | I51: 1 | J51: 0 | K51: 4 | L51: MA1566 | M51: =IFNA(VLOOKUP(L51,'Faculty Details'!$B:$H,4,0),"") -> Dr.PARIMALA M | N51: =IFNA(VLOOKUP(L51,'Faculty Details'!$B:$H,7,0),"") -> parimalam@bitsathy.ac.in
A52: 51 | B52: CSE | C52: S4 | D52: CORE | E52: 22CS401 | F52: DISCRETE MATHEMATICS | G52: THEORY | H52: 3 | I52: 1 | J52: 0 | K52: 4 | L52: MA1465 | M52: =IFNA(VLOOKUP(L52,'Faculty Details'!$B:$H,4,0),"") -> Dr.PRAKASH K | N52: =IFNA(VLOOKUP(L52,'Faculty Details'!$B:$H,7,0),"") -> prakashk@bitsathy.ac.in
A53: 52 | B53: CSE | C53: S4 | D53: CORE | E53: 22CS401 | F53: DISCRETE MATHEMATICS | G53: THEORY | H53: 3 | I53: 1 | J53: 0 | K53: 4 | L53: MA1702 | M53: =IFNA(VLOOKUP(L53,'Faculty Details'!$B:$H,4,0),"") -> Dr.UMAMAGESWARI D | N53: =IFNA(VLOOKUP(L53,'Faculty Details'!$B:$H,7,0),"") -> umamageswarid@bitsathy.ac.in
A54: 53 | B54: CSE | C54: S4 | D54: CORE | E54: 22CS401 | F54: DISCRETE MATHEMATICS | G54: THEORY | H54: 3 | I54: 1 | J54: 0 | K54: 4 | L54: MA10071 | M54: =IFNA(VLOOKUP(L54,'Faculty Details'!$B:$H,4,0),"") -> Mrs.PREETHA R | N54: =IFNA(VLOOKUP(L54,'Faculty Details'!$B:$H,7,0),"") -> preetha@bitsathy.ac.in
A55: 54 | B55: CSE | C55: S4 | D55: CORE | E55: 22CS401 | F55: DISCRETE MATHEMATICS | G55: THEORY | H55: 3 | I55: 1 | J55: 0 | K55: 4 | L55: MA10119 | M55: =IFNA(VLOOKUP(L55,'Faculty Details'!$B:$H,4,0),"") -> Dr.SARANYA D | N55: =IFNA(VLOOKUP(L55,'Faculty Details'!$B:$H,7,0),"") -> saranyad@bitsathy.ac.in
A56: 55 | B56: CSE | C56: S4 | D56: CORE | E56: 22CS401 | F56: DISCRETE MATHEMATICS | G56: THEORY | H56: 3 | I56: 1 | J56: 0 | K56: 4 | L56: MA11181 | M56: =IFNA(VLOOKUP(L56,'Faculty Details'!$B:$H,4,0),"") -> Dr.HEMALATHA B | N56: =IFNA(VLOOKUP(L56,'Faculty Details'!$B:$H,7,0),"") -> hemalathab@bitsathy.ac.in
A57: 56 | B57: CSE | C57: S4 | D57: CORE | E57: 22CS402 | F57: DATA STRUCTURES II | G57: THEORY WITH LAB | H57: 3 | I57: 0 | J57: 2 | K57: 4 | L57: CS10797 | M57: =IFNA(VLOOKUP(L57,'Faculty Details'!$B:$H,4,0),"") -> Dr.SANGEETHAA SN | N57: =IFNA(VLOOKUP(L57,'Faculty Details'!$B:$H,7,0),"") -> sangeethaasn@bitsathy.ac.in
A58: 57 | B58: CSE | C58: S4 | D58: CORE | E58: 22CS402 | F58: DATA STRUCTURES II | G58: THEORY WITH LAB | H58: 3 | I58: 0 | J58: 2 | K58: 4 | L58: CS1906 | M58: =IFNA(VLOOKUP(L58,'Faculty Details'!$B:$H,4,0),"") -> Dr.RAMYA R | N58: =IFNA(VLOOKUP(L58,'Faculty Details'!$B:$H,7,0),"") -> ramyarv@bitsathy.ac.in
A59: 58 | B59: CSE | C59: S4 | D59: CORE | E59: 22CS402 | F59: DATA STRUCTURES II | G59: THEORY WITH LAB | H59: 3 | I59: 0 | J59: 2 | K59: 4 | L59: CS11080 | M59: =IFNA(VLOOKUP(L59,'Faculty Details'!$B:$H,4,0),"") -> Mrs.AMMU V | N59: =IFNA(VLOOKUP(L59,'Faculty Details'!$B:$H,7,0),"") -> ammu@bitsathy.ac.in
A60: 59 | B60: CSE | C60: S4 | D60: CORE | E60: 22CS402 | F60: DATA STRUCTURES II | G60: THEORY WITH LAB | H60: 3 | I60: 0 | J60: 2 | K60: 4 | L60: CS11158 | M60: =IFNA(VLOOKUP(L60,'Faculty Details'!$B:$H,4,0),"") -> Mrs.KAYALVIZHI B | N60: =IFNA(VLOOKUP(L60,'Faculty Details'!$B:$H,7,0),"") -> kayalvizhib@bitsathy.ac.in
A61: 60 | B61: CSE | C61: S4 | D61: CORE | E61: 22CS402 | F61: DATA STRUCTURES II | G61: THEORY WITH LAB | H61: 3 | I61: 0 | J61: 2 | K61: 4 | L61: CS11094 | M61: =IFNA(VLOOKUP(L61,'Faculty Details'!$B:$H,4,0),"") -> Ms.RATHNA S | N61: =IFNA(VLOOKUP(L61,'Faculty Details'!$B:$H,7,0),"") -> rathna@bitsathy.ac.in
A62: 61 | B62: CSE | C62: S4 | D62: CORE | E62: 22CS402 | F62: DATA STRUCTURES II | G62: THEORY WITH LAB | H62: 3 | I62: 0 | J62: 2 | K62: 4 | L62: CS11162 | M62: =IFNA(VLOOKUP(L62,'Faculty Details'!$B:$H,4,0),"") -> Ms.THANGATAMILSELVI S | N62: =IFNA(VLOOKUP(L62,'Faculty Details'!$B:$H,7,0),"") -> thangatamilselvis@bitsathy.ac.in
... A131: 130 | B131: CSE | C131: S6 | D131: HONOURS | E131: 22CSH04/22CTH04/22ISH28/22ITH04/22CBH04 | F131: NEURAL NETWORKS AND DEEP LEARNING | G131: THEORY WITH LAB | H131: 2 | I131: 0 | J131: 2 | K131: 3 | L131: CS11094 | M131: =IFNA(VLOOKUP(L131,'Faculty Details'!$B:$H,4,0),"") -> Ms.RATHNA S | N131: =IFNA(VLOOKUP(L131,'Faculty Details'!$B:$H,7,0),"") -> rathna@bitsathy.ac.in
A132: 131 | B132: CSE | C132: S6 | D132: MINI PROJECT | E132: 22CS607 | F132: MINI PROJECT II | G132: LAB | H132: 0 | I132: 0 | J132: 2 | K132: 1 | M132: =IFNA(VLOOKUP(L132,'Faculty Details'!$B:$H,4,0),"") | N132: =IFNA(VLOOKUP(L132,'Faculty Details'!$B:$H,7,0),"")
A133: 132 | B133: CSE | C133: S8 | D133: PROJECT | E133: 22CS801 | F133: PROJECT WORK II | G133: LAB | H133: 0 | I133: 0 | J133: 18 | K133: 9 | M133: =IFNA(VLOOKUP(L133,'Faculty Details'!$B:$H,4,0),"") | N133: =IFNA(VLOOKUP(L133,'Faculty Details'!$B:$H,7,0),"")
A134: 133 | B134: CSE | C134: PG | D134: CORE | E134: 24CS21 | F134: INTERNET OF THINGS | G134: THEORY | H134: 3 | I134: 0 | J134: 0 | K134: 3 | L134: CS10843 | M134: =IFNA(VLOOKUP(L134,'Faculty Details'!$B:$H,4,0),"") -> Mrs.NITHYA R | N134: =IFNA(VLOOKUP(L134,'Faculty Details'!$B:$H,7,0),"") -> nithyars@bitsathy.ac.in
A135: 134 | B135: CSE | C135: PG | D135: CORE | E135: 24CS22 | F135: MACHINE LEARNING | G135: THEORY | H135: 3 | I135: 0 | J135: 0 | K135: 3 | L135: CS10861 | M135: =IFNA(VLOOKUP(L135,'Faculty Details'!$B:$H,4,0),"") -> Ms.SANGAVI N | N135: =IFNA(VLOOKUP(L135,'Faculty Details'!$B:$H,7,0),"") -> sangavin@bitsathy.ac.in
A136: 135 | B136: CSE | C136: PG | D136: CORE | E136: 24CS23 | F136: ADVANCED SOFTWARE ENGINEERING | G136: THEORY WITH LAB | H136: 3 | I136: 0 | J136: 2 | K136: 4 | L136: CS11157 | M136: =IFNA(VLOOKUP(L136,'Faculty Details'!$B:$H,4,0),"") -> Ms.GAYATHIRI DEVI S | N136: =IFNA(VLOOKUP(L136,'Faculty Details'!$B:$H,7,0),"") -> gayathiridevis@bitsathy.ac.in
A137: 136 | B137: CSE | C137: PG | D137: CORE | E137: 24CS24 | F137: CLOUD COMPUTING TECHNOLOGIES | G137: THEORY | H137: 3 | I137: 0 | J137: 0 | K137: 3 | L137: IT11056 | M137: =IFNA(VLOOKUP(L137,'Faculty Details'!$B:$H,4,0),"") -> Dr.SADHASIVAM N | N137: =IFNA(VLOOKUP(L137,'Faculty Details'!$B:$H,7,0),"") -> sadhasivamn@bitsathy.ac.in
A138: 137 | B138: CSE | C138: PG | D138: ELECTIVE 1 | E138: 24CS54 | F138: DATA SCIENCE | G138: THEORY | H138: 3 | I138: 0 | J138: 0 | K138: 3 | L138: CS11086 | M138: =IFNA(VLOOKUP(L138,'Faculty Details'!$B:$H,4,0),"") -> Mrs.GAYATHRI S | N138: =IFNA(VLOOKUP(L138,'Faculty Details'!$B:$H,7,0),"") -> gayathris@bitsathy.ac.in
A139: 138 | B139: CSE | C139: PG | D139: ELECTIVE 1 | E139: 24CS57 | F139: DIGITAL IMAGE PROCESSING | G139: THEORY | H139: 3 | I139: 0 | J139: 0 | K139: 3 | L139: CS10797 | M139: =IFNA(VLOOKUP(L139,'Faculty Details'!$B:$H,4,0),"") -> Dr.SANGEETHAA SN | N139: =IFNA(VLOOKUP(L139,'Faculty Details'!$B:$H,7,0),"") -> sangeethaasn@bitsathy.ac.in
A140: 139 | B140: CSE | C140: PG | D140: ELECTIVE 2 | E140: 24CS58 | F140: INFORMATION RETRIEVAL TECHNIQUES | G140: THEORY | H140: 3 | I140: 0 | J140: 0 | K140: 3 | L140: CS1618 | M140: =IFNA(VLOOKUP(L140,'Faculty Details'!$B:$H,4,0),"") -> Dr.PREMALATHA K | N140: =IFNA(VLOOKUP(L140,'Faculty Details'!$B:$H,7,0),"") -> premalathak@bitsathy.ac.in
A141: 140 | B141: CSE | C141: PG | D141: ELECTIVE 2 | E141: 24CS69 | F141: OPTIMIZATION TECHNIQUES | G141: THEORY | H141: 3 | I141: 0 | J141: 0 | K141: 3 | L141: CT10659 | M141: =IFNA(VLOOKUP(L141,'Faculty Details'!$B:$H,4,0),"") -> Dr.THANGA PARVATHI B | N141: =IFNA(VLOOKUP(L141,'Faculty Details'!$B:$H,7,0),"") -> btparvathi@bitsathy.ac.in
A142: 141 | B142: CSE | C142: PG | D142: CORE | E142: 24CS27 | F142: MACHINE LEARNING LABORATORY | G142: LAB | H142: 0 | I142: 0 | J142: 4 | K142: 2 | L142: CS10861 | M142: =IFNA(VLOOKUP(L142,'Faculty Details'!$B:$H,4,0),"") -> Ms.SANGAVI N | N142: =IFNA(VLOOKUP(L142,'Faculty Details'!$B:$H,7,0),"") -> sangavin@bitsathy.ac.in
A143: 142 | B143: CSE | C143: PG | D143: CORE | E143: 24CS28 | F143: MINI PROJECT | G143: LAB | H143: 0 | I143: 0 | J143: 4 | K143: 2

Sheet BT
A1: Si No. | B1: Dept. | C1: Semester | D1: Course Type | E1: Course Code | F1: Course Name | G1: Course Nature | H1: L | I1: T | J1: P | K1: C | L1: Faculty ID (ME1880) | M1: Faculty Name | N1: Mail ID
A2: {=SEQUENCE(COUNTA(B2:B63),1)} -> 1 | B2: BT | C2: S2 | D2: CORE | E2: 22MA201 | F2: ENGINEERING MATHEMATICS II | G2: THEORY | H2: 3 | I2: 1 | J2: 0 | K2: 4 | L2: MA11122 | M2: =IFNA(VLOOKUP(L2,'Faculty Details'!$B:$H,4,0),"") -> Dr.AKALYADEVI K | N2: =IFNA(VLOOKUP(L2,'Faculty Details'!$B:$H,7,0),"") -> akalyadevi@bitsathy.ac.in
A3: 2 | B3: BT | C3: S2 | D3: CORE | E3: 22MA201 | F3: ENGINEERING MATHEMATICS II | G3: THEORY | H3: 3 | I3: 1 | J3: 0 | K3: 4 | L3: MA11181 | M3: =IFNA(VLOOKUP(L3,'Faculty Details'!$B:$H,4,0),"") -> Dr.HEMALATHA B | N3: =IFNA(VLOOKUP(L3,'Faculty Details'!$B:$H,7,0),"") -> hemalathab@bitsathy.ac.in
A4: 3 | B4: BT | C4: S2 | D4: CORE | E4: 22PH202 | F4: ELECTROMAGNETISM AND MODERN PHYSICS | G4: THEORY WITH LAB | H4: 2 | I4: 0 | J4: 2 | K4: 3 | L4: PH11153 | M4: =IFNA(VLOOKUP(L4,'Faculty Details'!$B:$H,4,0),"") -> Dr.SANGEETHA K | N4: =IFNA(VLOOKUP(L4,'Faculty Details'!$B:$H,7,0),"") -> sangeethak@bitsathy.ac.in
A5: 4 | B5: BT | C5: S2 | D5: CORE | E5: 22PH202 | F5: ELECTROMAGNETISM AND MODERN PHYSICS | G5: THEORY WITH LAB | H5: 2 | I5: 0 | J5: 2 | K5: 3 | L5: PH11036 | M5: =IFNA(VLOOKUP(L5,'Faculty Details'!$B:$H,4,0),"") -> Dr.BASKARAN P | N5: =IFNA(VLOOKUP(L5,'Faculty Details'!$B:$H,7,0),"") -> baskaranp@bitsathy.ac.in
A6: 5 | B6: BT | C6: S2 | D6: CORE | E6: 22CH203 | F6: ENGINEERING CHEMISTRY II | G6: THEORY WITH LAB | H6: 2 | I6: 0 | J6: 2 | K6: 3 | L6: CH10333 | M6: =IFNA(VLOOKUP(L6,'Faculty Details'!$B:$H,4,0),"") -> Dr.MURALI KRISHNAN M | N6: =IFNA(VLOOKUP(L6,'Faculty Details'!$B:$H,7,0),"") -> muralikrishnan@bitsathy.ac.in
A7: 6 | B7: BT | C7: S2 | D7: CORE | E7: 22CH203 | F7: ENGINEERING CHEMISTRY II | G7: THEORY WITH LAB | H7: 2 | I7: 0 | J7: 2 | K7: 3 | L7: CH10957 | M7: =IFNA(VLOOKUP(L7,'Faculty Details'!$B:$H,4,0),"") -> Dr.DEEPHA V | N7: =IFNA(VLOOKUP(L7,'Faculty Details'!$B:$H,7,0),"") -> deephav@bitsathy.ac.in
A8: 7 | B8: BT | C8: S2 | D8: CORE | E8: 22GE002 | F8: COMPUTATIONAL PROBLEM SOLVING | G8: THEORY | H8: 3 | I8: 0 | J8: 0 | K8: 3 | L8: AM10907 | M8: =IFNA(VLOOKUP(L8,'Faculty Details'!$B:$H,4,0),"") -> Dr.RAJASEKAR S S | N8: =IFNA(VLOOKUP(L8,'Faculty Details'!$B:$H,7,0),"") -> rajasekarss@bitsathy.ac.in
A9: 8 | B9: BT | C9: S2 | D9: CORE | E9: 22GE002 | F9: COMPUTATIONAL PROBLEM SOLVING | G9: THEORY | H9: 3 | I9: 0 | J9: 0 | K9: 3 | L9: AM11013 | M9: =IFNA(VLOOKUP(L9,'Faculty Details'!$B:$H,4,0),"") -> Mr.SATHESHKUMAR K | N9: =IFNA(VLOOKUP(L9,'Faculty Details'!$B:$H,7,0),"") -> satheshkumar@bitsathy.ac.in
A10: 9 | B10: BT | C10: S2 | D10: CORE | E10: 22GE004 | F10: BASICS OF ELECTRONICS ENGINEERING | G10: THEORY WITH LAB | H10: 2 | I10: 0 | J10: 2 | K10: 3 | L10: EC11051 | M10: =IFNA(VLOOKUP(L10,'Faculty Details'!$B:$H,4,0),"") -> Mrs.SANDHIYADEVI P | N10: =IFNA(VLOOKUP(L10,'Faculty Details'!$B:$H,7,0),"") -> sandhiyadevip@bitsathy.ac.in
A11: 10 | B11: BT | C11: S2 | D11: CORE | E11: 22GE004 | F11: BASICS OF ELECTRONICS ENGINEERING | G11: THEORY WITH LAB | H11: 2 | I11: 0 | J11: 2 | K11: 3 | L11: EC10725 | M11: =IFNA(VLOOKUP(L11,'Faculty Details'!$B:$H,4,0),"") -> Mrs.ABINAYA M | N11: =IFNA(VLOOKUP(L11,'Faculty Details'!$B:$H,7,0),"") -> abinayam@bitsathy.ac.in
A12: 11 | B12: BT | C12: S2 | D12: CORE | E12: 22GE005 | F12: ENGINEERING DRAWING | G12: LAB | H12: 1 | I12: 0 | J12: 2 | K12: 3 | L12: ME1974 | M12: =IFNA(VLOOKUP(L12,'Faculty Details'!$B:$H,4,0),"") -> Mr.SAKTHIVEL MURUGAN E | N12: =IFNA(VLOOKUP(L12,'Faculty Details'!$B:$H,7,0),"") -> sakthivelmurugane@bitsathy.ac.in
A13: 12 | B13: BT | C13: S2 | D13: CORE | E13: 22GE005 | F13: ENGINEERING DRAWING | G13: LAB | H13: 1 | I13: 0 | J13: 2 | K13: 3 | L13: ME10098 | M13: =IFNA(VLOOKUP(L13,'Faculty Details'!$B:$H,4,0),"") -> Dr.PRADEEP A D | N13: =IFNA(VLOOKUP(L13,'Faculty Details'!$B:$H,7,0),"") -> pradeep@bitsathy.ac.in
A14: 13 | B14: BT | C14: S2 | D14: CORE | E14: 22HS006 | F14: தமிழரும் ததொழில்நுட்பமும்/TAMILS AND TECHNOLOGY | G14: LAB | H14: 1 | I14: 0 | J14: 0 | K14: 1 | L14: HU11085 | M14: =IFNA(VLOOKUP(L14,'Faculty Details'!$B:$H,4,0),"") -> Dr.SAGUNTHALA DEVI P | N14: =IFNA(VLOOKUP(L14,'Faculty Details'!$B:$H,7,0),"") -> sagunthaladevi@bitsathy.ac.in
A15: 14 | B15: BT | C15: S2 | D15: CORE | E15: 22HS006 | F15: தமிழரும் ததொழில்நுட்பமும்/TAMILS AND TECHNOLOGY | G15: LAB | H15: 1 | I15: 0 | J15: 0 | K15: 1 | L15: HU11115 | M15: =IFNA(VLOOKUP(L15,'Faculty Details'!$B:$H,4,0),"") -> Ms.KAMALI D | N15: =IFNA(VLOOKUP(L15,'Faculty Details'!$B:$H,7,0),"") -> kamali@bitsathy.ac.in
A16: 15 | B16: BT | C16: S2 | D16: CORE | E16: 22HS009 | F16: COCURRICULAR OR EXTRACURRICULAR ACTIVITY | M16: =IFNA(VLOOKUP(L16,'Faculty Details'!$B:$H,4,0),"") | N16: =IFNA(VLOOKUP(L16,'Faculty Details'!$B:$H,7,0),"")
A17: 16 | B17: BT | C17: S2 | D17: LANGUAGE ELECTIVE | E17: 22HS201 | F17: COMMUNICATIVE ENGLISH II | G17: LAB | H17: 1 | I17: 0 | J17: 2 | K17: 2 | L17: HU11125 | M17: =IFNA(VLOOKUP(L17,'Faculty Details'!$B:$H,4,0),"") -> Dr.GAYATHRI G M | N17: =IFNA(VLOOKUP(L17,'Faculty Details'!$B:$H,7,0),"") -> gayathri@bitsathy.ac.in
A18: 17 | B18: BT | C18: S2 | D18: LANGUAGE ELECTIVE | E18: 22HSH01 | F18: HINDI | G18: LAB | H18: 1 | I18: 0 | J18: 2 | K18: 2 | M18: =IFNA(VLOOKUP(L18,'Faculty Details'!$B:$H,4,0),"") | N18: =IFNA(VLOOKUP(L18,'Faculty Details'!$B:$H,7,0),"")
A19: 18 | B19: BT | C19: S2 | D19: LANGUAGE ELECTIVE | E19: 22HSG01 | F19: GERMAN | G19: LAB | H19: 1 | I19: 0 | J19: 2 | K19: 2 | M19: =IFNA(VLOOKUP(L19,'Faculty Details'!$B:$H,4,0),"") | N19: =IFNA(VLOOKUP(L19,'Faculty Details'!$B:$H,7,0),"")
A20: 19 | B20: BT | C20: S4 | D20: CORE | E20: 22BT401 | F20: BIOORGANIC CHEMISTRY | G20: THEORY WITH LAB | H20: 3 | I20: 0 | J20: 2 | K20: 4 | L20: BT1477 | M20: =IFNA(VLOOKUP(L20,'Faculty Details'!$B:$H,4,0),"") -> Dr.TAMILSELVI S | N20: =IFNA(VLOOKUP(L20,'Faculty Details'!$B:$H,7,0),"") -> tamilselvis@bitsathy.ac.in
A21: 20 | B21: BT | C21: S4 | D21: CORE | E21: 22BT401 | F21: BIOORGANIC CHEMISTRY | G21: THEORY WITH LAB | H21: 3 | I21: 0 | J21: 2 | K21: 4 | L21: BT11033 | M21: =IFNA(VLOOKUP(L21,'Faculty Details'!$B:$H,4,0),"") -> Dr.SURESH CHALUVADI | N21: =IFNA(VLOOKUP(L21,'Faculty Details'!$B:$H,7,0),"") -> sureshchaluvadi@bitsathy.ac.in
A22: 21 | B22: BT | C22: S4 | D22: CORE | E22: 22BT402 | F22: HEAT AND MASS TRANSFER | G22: THEORY | H22: 3 | I22: 0 | J22: 2 | K22: 4 | L22: ME10081 | M22: =IFNA(VLOOKUP(L22,'Faculty Details'!$B:$H,4,0),"") -> Dr.KUMARESAN G | N22: =IFNA(VLOOKUP(L22,'Faculty Details'!$B:$H,7,0),"") -> kumaresan@bitsathy.ac.in
A23: 22 | B23: BT | C23: S4 | D23: CORE | E23: 22BT402 | F23: HEAT AND MASS TRANSFER | G23: LAB | H23: 3 | I23: 0 | J23: 2 | K23: 4 | L23: ME1819 | M23: =IFNA(VLOOKUP(L23,'Faculty Details'!$B:$H,4,0),"") -> Dr.DINESH D | N23: =IFNA(VLOOKUP(L23,'Faculty Details'!$B:$H,7,0),"") -> dineshd@bitsathy.ac.in
A24: 23 | B24: BT | C24: S4 | D24: CORE | E24: 22BT402 | F24: HEAT AND MASS TRANSFER | G24: THEORY | H24: 3 | I24: 0 | J24: 2 | K24: 4 | L24: ME10492 | M24: =IFNA(VLOOKUP(L24,'Faculty Details'!$B:$H,4,0),"") -> Dr.PRAKASH K B | N24: =IFNA(VLOOKUP(L24,'Faculty Details'!$B:$H,7,0),"") -> prakashkb@bitsathy.ac.in
A25: 24 | B25: BT | C25: S4 | D25: CORE | E25: 22BT402 | F25: HEAT AND MASS TRANSFER | G25: LAB | H25: 3 | I25: 0 | J25: 2 | K25: 4 | L25: ME10492 | M25: =IFNA(VLOOKUP(L25,'Faculty Details'!$B:$H,4,0),"") -> Dr.PRAKASH K B | N25: =IFNA(VLOOKUP(L25,'Faculty Details'!$B:$H,7,0),"") -> prakashkb@bitsathy.ac.in
A26: 25 | B26: BT | C26: S4 | D26: CORE | E26: 22BT403 | F26: CELL AND MOLECULAR BIOLOGY | G26: THEORY WITH LAB | H26: 3 | I26: 0 | J26: 2 | K26: 4 | L26: BT11050 | M26: =IFNA(VLOOKUP(L26,'Faculty Details'!$B:$H,4,0),"") -> Mrs.VINODHINI R T | N26: =IFNA(VLOOKUP(L26,'Faculty Details'!$B:$H,7,0),"") -> vinodhinirt@bitsathy.ac.in
A27: 26 | B27: BT | C27: S4 | D27: CORE | E27: 22BT403 | F27: CELL AND MOLECULAR BIOLOGY | G27: THEORY WITH LAB | H27: 3 | I27: 0 | J27: 2 | K27: 4 | L27: BT10984 | M27: =IFNA(VLOOKUP(L27,'Faculty Details'!$B:$H,4,0),"") -> Mrs.MAHIMA P | N27: =IFNA(VLOOKUP(L27,'Faculty Details'!$B:$H,7,0),"") -> mahimap@bitsathy.ac.in
A28: 27 | B28: BT | C28: S4 | D28: CORE | E28: 22BT404 | F28: INSTRUMENTAL METHODS OF ANALYSIS | G28: THEORY WITH LAB | H28: 3 | I28: 0 | J28: 2 | K28: 4 | L28: BT11198 | M28: =IFNA(VLOOKUP(L28,'Faculty Details'!$B:$H,4,0),"") -> Mrs.SHANKARI V | N28: =IFNA(VLOOKUP(L28,'Faculty Details'!$B:$H,7,0),"") -> shankariv@bitsathy.ac.in
A29: 28 | B29: BT | C29: S4 | D29: CORE | E29: 22BT404 | F29: INSTRUMENTAL METHODS OF ANALYSIS | G29: THEORY | H29: 3 | I29: 0 | J29: 2 | K29: 4 | L29: BT10708 | M29: =IFNA(VLOOKUP(L29,'Faculty Details'!$B:$H,4,0),"") -> Mr.RAJASEETHARAMA S | N29: =IFNA(VLOOKUP(L29,'Faculty Details'!$B:$H,7,0),"") -> rajaseetharama@bitsathy.ac.in
A30: 29 | B30: BT | C30: S4 | D30: CORE | E30: 22BT404 | F30: INSTRUMENTAL METHODS OF ANALYSIS | G30: LAB | H30: 3 | I30: 0 | J30: 2 | K30: 4 | L30: BT11035 | M30: =IFNA(VLOOKUP(L30,'Faculty Details'!$B:$H,4,0),"") -> Ms.NANDHINI N | N30: =IFNA(VLOOKUP(L30,'Faculty Details'!$B:$H,7,0),"") -> nandhinin@bitsathy.ac.in
A31: 30 | B31: BT | C31: S4 | D31: CORE | E31: 22BT405 | F31: PLANT TISSUE CULTURE | G31: THEORY WITH LAB | H31: 3 | I31: 0 | J31: 2 | K31: 4 | L31: BT1388 | M31: =IFNA(VLOOKUP(L31,'Faculty Details'!$B:$H,4,0),"") -> Dr.KANNAN K P | N31: =IFNA(VLOOKUP(L31,'Faculty Details'!$B:$H,7,0),"") -> kannankp@bitsathy.ac.in
... A61: 60 | B61: BT | C61: S6 | D61: HONOURS | E61: 22BTH31 | F61: BIOTECHNIQUES IN ANIMAL BREEDING | G61: THEORY | H61: 3 | I61: 0 | J61: 0 | K61: 3 | L61: BT10733 | M61: =IFNA(VLOOKUP(L61,'Faculty Details'!$B:$H,4,0),"") -> Ms.SWATHI G | N61: =IFNA(VLOOKUP(L61,'Faculty Details'!$B:$H,7,0),"") -> swathi@bitsathy.ac.in
A62: 61 | B62: BT | C62: S6 | D62: MINI PROJECT | E62: 22BT607 | F62: MINI PROJECT II | G62: LAB | H62: 0 | I62: 0 | J62: 2 | K62: 1 | M62: =IFNA(VLOOKUP(L62,'Faculty Details'!$B:$H,4,0),"") | N62: =IFNA(VLOOKUP(L62,'Faculty Details'!$B:$H,7,0),"")
A63: 62 | B63: BT | C63: S8 | D63: PROJECT | E63: 22BT801 | F63: PROJECT WORK II | G63: LAB | H63: 0 | I63: 0 | J63: 18 | K63: 9 | M63: =IFNA(VLOOKUP(L63,'Faculty Details'!$B:$H,4,0),"") | N63: =IFNA(VLOOKUP(L63,'Faculty Details'!$B:$H,7,0),"")

Sheet CSD
A1: Si No. | B1: Dept. | C1: Semester | D1: Course Type | E1: Course Code | F1: Course Name | G1: Course Nature | H1: L | I1: T | J1: P | K1: C | L1: Faculty ID (ME1880) | M1: Faculty Name | N1: Mail ID
A2: {=SEQUENCE(COUNTA(B2:B11),1)} -> 1 | B2: CSD | C2: S6 | D2: CORE | E2: 22CD601 | F2: FOUNDATIONS OF ARTIFICIAL INTELLIGENCE | G2: THEORY WITH LAB | H2: 3 | I2: 0 | J2: 2 | K2: 4 | L2: CS10820 | M2: =IFNA(VLOOKUP(L2,'Faculty Details'!$B:$H,4,0),"") -> Dr.RAJESH KANNA P | N2: =IFNA(VLOOKUP(L2,'Faculty Details'!$B:$H,7,0),"") -> rajeshkannap@bitsathy.ac.in
A3: 2 | B3: CSD | C3: S6 | D3: CORE | E3: 22CD602 | F3: PRINCIPLES OF COMPILER DESIGN | G3: THEORY | H3: 3 | I3: 1 | J3: 0 | K3: 4 | L3: CD11179 | M3: =IFNA(VLOOKUP(L3,'Faculty Details'!$B:$H,4,0),"") -> Mrs.SUBHASHREE P | N3: =IFNA(VLOOKUP(L3,'Faculty Details'!$B:$H,7,0),"") -> subhashreep@bitsathy.ac.in
A4: 3 | B4: CSD | C4: S6 | D4: CORE | E4: 22CD603 | F4: HUMAN COMPUTER INTERACTION | G4: THEORY | H4: 3 | I4: 0 | J4: 0 | K4: 3 | L4: CD11061 | M4: Mrs PREETHIMATHI L | N4: =IFNA(VLOOKUP(L4,'Faculty Details'!$B:$H,7,0),"") -> preethimathi@bitsathy.ac.in
A5: 4 | B5: CSD | C5: S6 | D5: ELECTIVE 3 | E5: 22CD023 | F5: DIGITAL MARKETING | G5: THEORY | H5: 3 | I5: 0 | J5: 0 | K5: 3 | L5: AD11116 | M5: =IFNA(VLOOKUP(L5,'Faculty Details'!$B:$H,4,0),"") -> Ms.PRIYADHARSHNI S | N5: =IFNA(VLOOKUP(L5,'Faculty Details'!$B:$H,7,0),"") -> priyadharshni@bitsathy.ac.in
A6: 5 | B6: CSD | C6: S6 | D6: ELECTIVE 4 | E6: 22CD019 | F6: MULTIMEDIA AND ANIMATION | G6: THEORY WITH LAB | H6: 2 | I6: 0 | J6: 2 | K6: 3 | L6: CD11174 | M6: =IFNA(VLOOKUP(L6,'Faculty Details'!$B:$H,4,0),"") -> Ms.KIRUTHIKA S | N6: =IFNA(VLOOKUP(L6,'Faculty Details'!$B:$H,7,0),"") -> kiruthikas@bitsathy.ac.in
A7: 6 | B7: CSD | C7: S6 | D7: ELECTIVE 5 | E7: 22CD014 | F7: CLOUD SERVICES AND DATA MANAGEMENT | G7: THEORY | H7: 3 | I7: 0 | J7: 0 | K7: 3 | L7: CS10974 | M7: =IFNA(VLOOKUP(L7,'Faculty Details'!$B:$H,4,0),"") -> Mr.STEEPHAN AMALRAJ J | N7: =IFNA(VLOOKUP(L7,'Faculty Details'!$B:$H,7,0),"") -> steephanamalrajj@bitsathy.ac.in
A8: 7 | B8: CSD | C8: S6 | D8: ADD COURSE | E8: 22CD022 | F8: VIDEO CREATION AND EDITING | G8: THEORY WITH LAB | H8: 2 | I8: 0 | J8: 2 | K8: 3 | L8: AM11113 | M8: =IFNA(VLOOKUP(L8,'Faculty Details'!$B:$H,4,0),"") -> Mrs.LOKESWARI P | N8: =IFNA(VLOOKUP(L8,'Faculty Details'!$B:$H,7,0),"") -> lokeswari@bitsathy.ac.in
A9: 8 | B9: CSD | C9: S6 | D9: HONOURS | E9: 22CDH31 | F9: METAVERSE | G9: THEORY WITH LAB | H9: 2 | I9: 0 | J9: 2 | K9: 3 | L9: AD11111 | M9: =IFNA(VLOOKUP(L9,'Faculty Details'!$B:$H,4,0),"") -> Ms.SURIYA V | N9: =IFNA(VLOOKUP(L9,'Faculty Details'!$B:$H,7,0),"") -> suriya@bitsathy.ac.in
A10: 9 | B10: CSD | C10: S6 | D10: HONOURS | E10: 22CDH32 | F10: IMAGE AND VIDEO ANALYTICS | G10: THEORY | H10: 3 | I10: 0 | J10: 0 | K10: 3 | L10: CS10820 | M10: =IFNA(VLOOKUP(L10,'Faculty Details'!$B:$H,4,0),"") -> Dr.RAJESH KANNA P | N10: =IFNA(VLOOKUP(L10,'Faculty Details'!$B:$H,7,0),"") -> rajeshkannap@bitsathy.ac.in
A11: 10 | B11: CSD | C11: S6 | D11: MINI PROJECT | E11: 22CD607 | F11: MINI PROJECT II | G11: LAB | H11: 0 | I11: 0 | J11: 2 | K11: 1 | M11: =IFNA(VLOOKUP(L11,'Faculty Details'!$B:$H,4,0),"")

Sheet EEE
A1: s nO | B1: Dept. | C1: Semester | D1: Course Type | E1: Course Code | F1: Course Name | G1: Course Nature | H1: L | I1: T | J1: P | K1: C | L1: Faculty ID (ME1880) | M1: Faculty Name | N1: Mail ID
A2: {=SEQUENCE(COUNTA(B2:B51),1)} -> 1 | B2: EEE | C2: S2 | D2: CORE | E2: 22MA201 | F2: ENGINEERING MATHEMATICS II | G2: THEORY | H2: 3 | I2: 1 | J2: 0 | K2: 4 | L2: MA1327 | M2: =IFNA(VLOOKUP(L2,'Faculty Details'!$B:$H,4,0),"") -> Dr.THULASIMANI T | N2: =IFNA(VLOOKUP(L2,'Faculty Details'!$B:$H,7,0),"") -> thulasimanit@bitsathy.ac.in
A3: 2 | B3: EEE | C3: S2 | D3: CORE | E3: 22MA201 | F3: ENGINEERING MATHEMATICS II | G3: THEORY | H3: 3 | I3: 1 | J3: 0 | K3: 4 | L3: MA10518 | M3: =IFNA(VLOOKUP(L3,'Faculty Details'!$B:$H,4,0),"") -> Dr.PRABAKARAN P | N3: =IFNA(VLOOKUP(L3,'Faculty Details'!$B:$H,7,0),"") -> prabakaran@bitsathy.ac.in
A4: 3 | B4: EEE | C4: S2 | D4: CORE | E4: 22PH202 | F4: ELECTROMAGNETISM AND MODERN PHYSICS | G4: THEORY WITH LAB | H4: 2 | I4: 0 | J4: 2 | K4: 3 | L4: PH10380 | M4: =IFNA(VLOOKUP(L4,'Faculty Details'!$B:$H,4,0),"") -> Dr.SELVAKUMAR K | N4: =IFNA(VLOOKUP(L4,'Faculty Details'!$B:$H,7,0),"") -> selvakumark@bitsathy.ac.in
A5: 4 | B5: EEE | C5: S2 | D5: CORE | E5: 22PH202 | F5: ELECTROMAGNETISM AND MODERN PHYSICS | G5: THEORY WITH LAB | H5: 2 | I5: 0 | J5: 2 | K5: 3 | L5: PH10987 | M5: =IFNA(VLOOKUP(L5,'Faculty Details'!$B:$H,4,0),"") -> Dr.ANANDHA BABU G | N5: =IFNA(VLOOKUP(L5,'Faculty Details'!$B:$H,7,0),"") -> anandhababug@bitsathy.ac.in
A6: 5 | B6: EEE | C6: S2 | D6: CORE | E6: 22CH203 | F6: ENGINEERING CHEMISTRY II | G6: THEORY WITH LAB | H6: 2 | I6: 0 | J6: 2 | K6: 3 | L6: CH1578 | M6: =IFNA(VLOOKUP(L6,'Faculty Details'!$B:$H,4,0),"") -> Dr.KAVITHA C | N6: =IFNA(VLOOKUP(L6,'Faculty Details'!$B:$H,7,0),"") -> kavithac@bitsathy.ac.in
A7: 6 | B7: EEE | C7: S2 | D7: CORE | E7: 22CH203 | F7: ENGINEERING CHEMISTRY II | G7: THEORY WITH LAB | H7: 2 | I7: 0 | J7: 2 | K7: 3 | L7: CH11126 | M7: =IFNA(VLOOKUP(L7,'Faculty Details'!$B:$H,4,0),"") -> Dr.JESIN BENETO A | N7: =IFNA(VLOOKUP(L7,'Faculty Details'!$B:$H,7,0),"") -> jesinbeneto@bitsathy.ac.in
A8: 7 | B8: EEE | C8: S2 | D8: CORE | E8: 22GE002 | F8: COMPUTATIONAL PROBLEM SOLVING | G8: THEORY | H8: 3 | I8: 0 | J8: 0 | K8: 3 | L8: CS10906 | M8: =IFNA(VLOOKUP(L8,'Faculty Details'!$B:$H,4,0),"") -> Dr.SARANYA K | N8: =IFNA(VLOOKUP(L8,'Faculty Details'!$B:$H,7,0),"") -> saranyaks@bitsathy.ac.in
A9: 8 | B9: EEE | C9: S2 | D9: CORE | E9: 22GE002 | F9: COMPUTATIONAL PROBLEM SOLVING | G9: THEORY | H9: 3 | I9: 0 | J9: 0 | K9: 3 | L9: CS11087 | M9: =IFNA(VLOOKUP(L9,'Faculty Details'!$B:$H,4,0),"") -> Mrs.PRIYANGA M A | N9: =IFNA(VLOOKUP(L9,'Faculty Details'!$B:$H,7,0),"") -> priyanga@bitsathy.ac.in
A10: 9 | B10: EEE | C10: S2 | D10: CORE | E10: 22GE004 | F10: BASICS OF ELECTRONICS ENGINEERING | G10: THEORY WITH LAB | H10: 2 | I10: 0 | J10: 2 | K10: 3 | L10: EC10229 | M10: =IFNA(VLOOKUP(L10,'Faculty Details'!$B:$H,4,0),"") -> Mrs.SARANYA N | N10: =IFNA(VLOOKUP(L10,'Faculty Details'!$B:$H,7,0),"") -> saranyan@bitsathy.ac.in
A11: 10 | B11: EEE | C11: S2 | D11: CORE | E11: 22GE004 | F11: BASICS OF ELECTRONICS ENGINEERING | G11: THEORY WITH LAB | H11: 2 | I11: 0 | J11: 2 | K11: 3 | L11: EC10915 | M11: =IFNA(VLOOKUP(L11,'Faculty Details'!$B:$H,4,0),"") -> Dr.STEPHEN SAGAYARAJ A | N11: =IFNA(VLOOKUP(L11,'Faculty Details'!$B:$H,7,0),"") -> stephensagayaraja@bitsathy.ac.in
